{
    "algorithm": "PipelineModel", 
    "algorithmType": "Classification", 
    "author": "1001", 
    "createdAt": 1516297485735, 
    "features": [
        {
            "name": "ID", 
            "type": "int"
        }, 
        {
            "name": "Gender", 
            "type": "string"
        }, 
        {
            "name": "Status", 
            "type": "string"
        }, 
        {
            "name": "Children", 
            "type": "double"
        }, 
        {
            "name": "EstIncome", 
            "type": "double"
        }, 
        {
            "name": "CarOwner", 
            "type": "string"
        }, 
        {
            "name": "Age", 
            "type": "double"
        }, 
        {
            "name": "LongDistance", 
            "type": "double"
        }, 
        {
            "name": "International", 
            "type": "double"
        }, 
        {
            "name": "Local", 
            "type": "double"
        }, 
        {
            "name": "Dropped", 
            "type": "double"
        }, 
        {
            "name": "Paymethod", 
            "type": "string"
        }, 
        {
            "name": "LocalBilltype", 
            "type": "string"
        }, 
        {
            "name": "LongDistanceBilltype", 
            "type": "string"
        }, 
        {
            "name": "Usage", 
            "type": "double"
        }, 
        {
            "name": "RatePlan", 
            "type": "double"
        }
    ], 
    "id": 1516297485735, 
    "isPublished": false, 
    "labelColumns": [
        {
            "name": "CHURN", 
            "type": "string"
        }
    ], 
    "latestModelVersion": 2, 
    "learningType": "Supervised", 
    "name": "Telco_Churn_ML_model", 
    "params": {}, 
    "publishedBy": "", 
    "publishedModelVersion": -1, 
    "runtime": "Python27", 
    "serialization": "spark", 
    "source": "", 
    "type": "spark-2.0"
}