{
  "interpreterSettings": {
    "2CTZV32R3": {
      "id": "2CTZV32R3",
      "name": "sh",
      "group": "sh",
      "properties": {
        "zeppelin.shell.keytab.location": "",
        "shell.command.timeout.millisecs": "60000",
        "zeppelin.shell.principal": "",
        "zeppelin.shell.auth.type": ""
      },
      "status": "READY",
      "interpreterGroup": [
        {
          "name": "sh",
          "class": "org.apache.zeppelin.shell.ShellInterpreter",
          "defaultInterpreter": false,
          "editor": {
            "language": "sh",
            "editOnDblClick": false
          }
        }
      ],
      "dependencies": [],
      "option": {
        "remote": true,
        "port": -1,
        "perNote": "shared",
        "perUser": "shared",
        "isExistingProcess": false,
        "setPermission": false,
        "users": [],
        "isUserImpersonate": false
      }
    },
    "2CU2M6WVZ": {
      "id": "2CU2M6WVZ",
      "name": "lens",
      "group": "lens",
      "properties": {
        "lens.session.cluster.user": "default",
        "zeppelin.lens.maxResults": "1000",
        "lens.query.enable.persistent.resultset": "false",
        "lens.client.dbname": "default",
        "zeppelin.lens.maxThreads": "10",
        "lens.server.base.url": "http://\u003chostname\u003e:\u003cport\u003e/lensapi",
        "zeppelin.lens.run.concurrent": "true"
      },
      "status": "READY",
      "interpreterGroup": [
        {
          "name": "lens",
          "class": "org.apache.zeppelin.lens.LensInterpreter",
          "defaultInterpreter": false
        }
      ],
      "dependencies": [],
      "option": {
        "remote": true,
        "port": -1,
        "perNote": "shared",
        "perUser": "shared",
        "isExistingProcess": false,
        "setPermission": false,
        "users": [],
        "isUserImpersonate": false
      }
    },
    "2CUDKUJ2F": {
      "id": "2CUDKUJ2F",
      "name": "elasticsearch",
      "group": "elasticsearch",
      "properties": {
        "elasticsearch.basicauth.password": "",
        "elasticsearch.result.size": "10",
        "elasticsearch.port": "9300",
        "elasticsearch.cluster.name": "elasticsearch",
        "elasticsearch.host": "localhost",
        "elasticsearch.basicauth.username": "",
        "elasticsearch.client.type": "transport"
      },
      "status": "READY",
      "interpreterGroup": [
        {
          "name": "elasticsearch",
          "class": "org.apache.zeppelin.elasticsearch.ElasticsearchInterpreter",
          "defaultInterpreter": false,
          "editor": {
            "editOnDblClick": false
          }
        }
      ],
      "dependencies": [],
      "option": {
        "remote": true,
        "port": -1,
        "perNote": "shared",
        "perUser": "shared",
        "isExistingProcess": false,
        "setPermission": false,
        "users": [],
        "isUserImpersonate": false
      }
    },
    "2CVCWER1P": {
      "id": "2CVCWER1P",
      "name": "angular",
      "group": "angular",
      "properties": {},
      "status": "READY",
      "interpreterGroup": [
        {
          "name": "angular",
          "class": "org.apache.zeppelin.angular.AngularInterpreter",
          "defaultInterpreter": false,
          "editor": {
            "editOnDblClick": true
          }
        }
      ],
      "dependencies": [],
      "option": {
        "remote": true,
        "port": -1,
        "perNote": "shared",
        "perUser": "shared",
        "isExistingProcess": false,
        "setPermission": false,
        "users": [],
        "isUserImpersonate": false
      }
    },
    "2CT3DTRAQ": {
      "id": "2CT3DTRAQ",
      "name": "file",
      "group": "file",
      "properties": {
        "hdfs.maxlength": "1000",
        "hdfs.user": "hdfs",
        "hdfs.url": "http://localhost:50070/webhdfs/v1/"
      },
      "status": "READY",
      "interpreterGroup": [
        {
          "name": "hdfs",
          "class": "org.apache.zeppelin.file.HDFSFileInterpreter",
          "defaultInterpreter": false,
          "editor": {
            "editOnDblClick": false
          }
        }
      ],
      "dependencies": [],
      "option": {
        "remote": true,
        "port": -1,
        "perNote": "shared",
        "perUser": "shared",
        "isExistingProcess": false,
        "setPermission": false,
        "users": [],
        "isUserImpersonate": false
      }
    },
    "2CV6YHRP2": {
      "id": "2CV6YHRP2",
      "name": "hbase",
      "group": "hbase",
      "properties": {
        "zeppelin.hbase.test.mode": "false",
        "hbase.ruby.sources": "lib/ruby",
        "hbase.home": "/usr/lib/hbase/"
      },
      "status": "READY",
      "interpreterGroup": [
        {
          "name": "hbase",
          "class": "org.apache.zeppelin.hbase.HbaseInterpreter",
          "defaultInterpreter": false,
          "editor": {
            "editOnDblClick": false
          }
        }
      ],
      "dependencies": [],
      "option": {
        "remote": true,
        "port": -1,
        "perNote": "shared",
        "perUser": "shared",
        "isExistingProcess": false,
        "setPermission": false,
        "users": [],
        "isUserImpersonate": false
      }
    },
    "2CUVH94Q9": {
      "id": "2CUVH94Q9",
      "name": "jdbc",
      "group": "jdbc",
      "properties": {
        "default.password": "",
        "zeppelin.jdbc.auth.type": "",
        "common.max_count": "1000",
        "zeppelin.jdbc.principal": "",
        "default.user": "gpadmin",
        "default.url": "jdbc:postgresql://localhost:5432/",
        "default.driver": "org.postgresql.Driver",
        "zeppelin.jdbc.keytab.location": "",
        "zeppelin.jdbc.concurrent.use": "true",
        "zeppelin.jdbc.concurrent.max_connection": "10"
      },
      "status": "READY",
      "interpreterGroup": [
        {
          "name": "sql",
          "class": "org.apache.zeppelin.jdbc.JDBCInterpreter",
          "defaultInterpreter": false,
          "editor": {
            "language": "sql",
            "editOnDblClick": false
          }
        }
      ],
      "dependencies": [],
      "option": {
        "remote": true,
        "port": -1,
        "perNote": "shared",
        "perUser": "shared",
        "isExistingProcess": false,
        "setPermission": false,
        "users": [],
        "isUserImpersonate": false
      }
    },
    "2CUS93SMZ": {
      "id": "2CUS93SMZ",
      "name": "psql",
      "group": "psql",
      "properties": {
        "postgresql.driver.name": "org.postgresql.Driver",
        "postgresql.password": "",
        "postgresql.url": "jdbc:postgresql://localhost:5432/",
        "postgresql.max.result": "1000",
        "postgresql.user": "gpadmin"
      },
      "status": "READY",
      "interpreterGroup": [
        {
          "name": "sql",
          "class": "org.apache.zeppelin.postgresql.PostgreSqlInterpreter",
          "defaultInterpreter": false,
          "editor": {}
        }
      ],
      "dependencies": [],
      "option": {
        "remote": true,
        "port": -1,
        "perNote": "shared",
        "perUser": "shared",
        "isExistingProcess": false,
        "setPermission": false,
        "users": [],
        "isUserImpersonate": false
      }
    },
    "2CUQF4DYU": {
      "id": "2CUQF4DYU",
      "name": "md",
      "group": "md",
      "properties": {
        "markdown.parser.type": "pegdown"
      },
      "status": "READY",
      "interpreterGroup": [
        {
          "name": "md",
          "class": "org.apache.zeppelin.markdown.Markdown",
          "defaultInterpreter": false,
          "editor": {
            "language": "markdown",
            "editOnDblClick": true
          }
        }
      ],
      "dependencies": [],
      "option": {
        "remote": true,
        "port": -1,
        "perNote": "shared",
        "perUser": "shared",
        "isExistingProcess": false,
        "setPermission": false,
        "users": [],
        "isUserImpersonate": false
      }
    },
    "2CSWWDBNM": {
      "id": "2CSWWDBNM",
      "name": "python",
      "group": "python",
      "properties": {
        "zeppelin.python": "python",
        "zeppelin.python.maxResult": "1000"
      },
      "status": "READY",
      "interpreterGroup": [
        {
          "name": "python",
          "class": "org.apache.zeppelin.python.PythonInterpreter",
          "defaultInterpreter": false,
          "editor": {
            "language": "python",
            "editOnDblClick": false
          }
        },
        {
          "name": "sql",
          "class": "org.apache.zeppelin.python.PythonInterpreterPandasSql",
          "defaultInterpreter": false,
          "editor": {
            "language": "sql",
            "editOnDblClick": false
          }
        },
        {
          "name": "conda",
          "class": "org.apache.zeppelin.python.PythonCondaInterpreter",
          "defaultInterpreter": false,
          "editor": {
            "language": "sh",
            "editOnDblClick": false
          }
        },
        {
          "name": "docker",
          "class": "org.apache.zeppelin.python.PythonDockerInterpreter",
          "defaultInterpreter": false,
          "editor": {
            "language": "sh",
            "editOnDblClick": false
          }
        }
      ],
      "dependencies": [],
      "option": {
        "remote": true,
        "port": -1,
        "perNote": "shared",
        "perUser": "shared",
        "isExistingProcess": false,
        "setPermission": false,
        "users": [],
        "isUserImpersonate": false
      }
    },
    "2CTEXJJP8": {
      "id": "2CTEXJJP8",
      "name": "alluxio",
      "group": "alluxio",
      "properties": {
        "alluxio.master.port": "19998",
        "alluxio.master.hostname": "localhost"
      },
      "status": "READY",
      "interpreterGroup": [
        {
          "name": "alluxio",
          "class": "org.apache.zeppelin.alluxio.AlluxioInterpreter",
          "defaultInterpreter": false,
          "editor": {
            "editOnDblClick": false
          }
        }
      ],
      "dependencies": [],
      "option": {
        "remote": true,
        "port": -1,
        "perNote": "shared",
        "perUser": "shared",
        "isExistingProcess": false,
        "setPermission": false,
        "users": [],
        "isUserImpersonate": false
      }
    },
    "2CU7T7XZ9": {
      "id": "2CU7T7XZ9",
      "name": "kylin",
      "group": "kylin",
      "properties": {
        "kylin.query.limit": "5000",
        "kylin.api.password": "KYLIN",
        "kylin.api.user": "ADMIN",
        "kylin.query.offset": "0",
        "kylin.query.project": "learn_kylin",
        "kylin.query.ispartial": "true",
        "kylin.api.url": "http://localhost:7070/kylin/api/query"
      },
      "status": "READY",
      "interpreterGroup": [
        {
          "name": "kylin",
          "class": "org.apache.zeppelin.kylin.KylinInterpreter",
          "defaultInterpreter": false,
          "editor": {
            "language": "sql",
            "editOnDblClick": false
          }
        }
      ],
      "dependencies": [],
      "option": {
        "remote": true,
        "port": -1,
        "perNote": "shared",
        "perUser": "shared",
        "isExistingProcess": false,
        "setPermission": false,
        "users": [],
        "isUserImpersonate": false
      }
    },
    "2CVB6K5TG": {
      "id": "2CVB6K5TG",
      "name": "spark",
      "group": "spark",
      "properties": {
        "spark.executor.memory": "",
        "args": "",
        "zeppelin.spark.printREPLOutput": "true",
        "spark.cores.max": "",
        "zeppelin.dep.additionalRemoteRepository": "spark-packages,http://dl.bintray.com/spark-packages/maven,false;",
        "zeppelin.spark.sql.stacktrace": "false",
        "zeppelin.spark.importImplicit": "true",
        "zeppelin.spark.concurrentSQL": "false",
        "zeppelin.spark.useHiveContext": "false",
        "zeppelin.pyspark.python": "python",
        "zeppelin.dep.localrepo": "local-repo",
        "zeppelin.R.knitr": "true",
        "zeppelin.spark.maxResult": "1000",
        "master": "local[*]",
        "spark.app.name": "Zeppelin",
        "zeppelin.R.image.width": "100%",
        "zeppelin.R.render.options": "out.format \u003d \u0027html\u0027, comment \u003d NA, echo \u003d FALSE, results \u003d \u0027asis\u0027, message \u003d F, warning \u003d F",
        "zeppelin.R.cmd": "R"
      },
      "status": "READY",
      "interpreterGroup": [
        {
          "name": "spark",
          "class": "org.apache.zeppelin.spark.SparkInterpreter",
          "defaultInterpreter": true,
          "editor": {
            "language": "scala"
          }
        },
        {
          "name": "sql",
          "class": "org.apache.zeppelin.spark.SparkSqlInterpreter",
          "defaultInterpreter": false,
          "editor": {
            "language": "sql"
          }
        },
        {
          "name": "dep",
          "class": "org.apache.zeppelin.spark.DepInterpreter",
          "defaultInterpreter": false,
          "editor": {
            "language": "scala"
          }
        },
        {
          "name": "pyspark",
          "class": "org.apache.zeppelin.spark.PySparkInterpreter",
          "defaultInterpreter": false,
          "editor": {
            "language": "python"
          }
        },
        {
          "name": "r",
          "class": "org.apache.zeppelin.spark.SparkRInterpreter",
          "defaultInterpreter": false,
          "editor": {
            "language": "r"
          }
        }
      ],
      "dependencies": [],
      "option": {
        "remote": true,
        "port": -1,
        "perNote": "shared",
        "perUser": "shared",
        "isExistingProcess": false,
        "setPermission": false,
        "users": [],
        "isUserImpersonate": false
      }
    },
    "2CVPN4ZZK": {
      "id": "2CVPN4ZZK",
      "name": "flink",
      "group": "flink",
      "properties": {
        "port": "6123",
        "host": "local"
      },
      "status": "READY",
      "interpreterGroup": [
        {
          "name": "flink",
          "class": "org.apache.zeppelin.flink.FlinkInterpreter",
          "defaultInterpreter": false,
          "editor": {
            "language": "scala",
            "editOnDblClick": false
          }
        }
      ],
      "dependencies": [],
      "option": {
        "remote": true,
        "port": -1,
        "perNote": "shared",
        "perUser": "shared",
        "isExistingProcess": false,
        "setPermission": false,
        "users": [],
        "isUserImpersonate": false
      }
    },
    "2CTAQTFVZ": {
      "id": "2CTAQTFVZ",
      "name": "ignite",
      "group": "ignite",
      "properties": {
        "ignite.peerClassLoadingEnabled": "true",
        "ignite.config.url": "",
        "ignite.jdbc.url": "jdbc:ignite:cfg://default-ignite-jdbc.xml",
        "ignite.clientMode": "true",
        "ignite.addresses": "127.0.0.1:47500..47509"
      },
      "status": "READY",
      "interpreterGroup": [
        {
          "name": "ignite",
          "class": "org.apache.zeppelin.ignite.IgniteInterpreter",
          "defaultInterpreter": false
        },
        {
          "name": "ignitesql",
          "class": "org.apache.zeppelin.ignite.IgniteSqlInterpreter",
          "defaultInterpreter": false
        }
      ],
      "dependencies": [],
      "option": {
        "remote": true,
        "port": -1,
        "perNote": "shared",
        "perUser": "shared",
        "isExistingProcess": false,
        "setPermission": false,
        "users": [],
        "isUserImpersonate": false
      }
    },
    "2CVZ9AZB1": {
      "id": "2CVZ9AZB1",
      "name": "pig",
      "group": "pig",
      "properties": {
        "zeppelin.pig.includeJobStats": "false",
        "zeppelin.pig.execType": "mapreduce",
        "zeppelin.pig.maxResult": "1000"
      },
      "status": "READY",
      "interpreterGroup": [
        {
          "name": "script",
          "class": "org.apache.zeppelin.pig.PigInterpreter",
          "defaultInterpreter": false,
          "editor": {
            "language": "pig",
            "editOnDblClick": false
          }
        },
        {
          "name": "query",
          "class": "org.apache.zeppelin.pig.PigQueryInterpreter",
          "defaultInterpreter": false,
          "editor": {
            "language": "pig",
            "editOnDblClick": false
          }
        }
      ],
      "dependencies": [],
      "option": {
        "remote": true,
        "port": -1,
        "perNote": "shared",
        "perUser": "shared",
        "isExistingProcess": false,
        "setPermission": false,
        "users": [],
        "isUserImpersonate": false
      }
    },
    "2CT6UG9PW": {
      "id": "2CT6UG9PW",
      "name": "bigquery",
      "group": "bigquery",
      "properties": {
        "zeppelin.bigquery.max_no_of_rows": "100000",
        "zeppelin.bigquery.wait_time": "5000",
        "zeppelin.bigquery.project_id": " "
      },
      "status": "READY",
      "interpreterGroup": [
        {
          "name": "sql",
          "class": "org.apache.zeppelin.bigquery.BigQueryInterpreter",
          "defaultInterpreter": false,
          "editor": {
            "language": "sql",
            "editOnDblClick": false
          }
        }
      ],
      "dependencies": [],
      "option": {
        "remote": true,
        "port": -1,
        "perNote": "shared",
        "perUser": "shared",
        "isExistingProcess": false,
        "setPermission": false,
        "users": [],
        "isUserImpersonate": false
      }
    },
    "2CTPCUKXV": {
      "id": "2CTPCUKXV",
      "name": "livy",
      "group": "livy",
      "properties": {
        "zeppelin.livy.pull_status.interval.millis": "1000",
        "livy.spark.executor.memory": "",
        "zeppelin.livy.session.create_timeout": "120",
        "zeppelin.livy.principal": "",
        "zeppelin.livy.spark.sql.maxResult": "1000",
        "zeppelin.livy.keytab": "",
        "zeppelin.livy.concurrentSQL": "false",
        "livy.spark.executor.cores": "",
        "zeppelin.livy.displayAppInfo": "false",
        "zeppelin.livy.url": "http://localhost:8998",
        "livy.spark.dynamicAllocation.minExecutors": "",
        "livy.spark.driver.cores": "",
        "livy.spark.jars.packages": "",
        "livy.spark.dynamicAllocation.enabled": "",
        "livy.spark.executor.instances": "",
        "livy.spark.dynamicAllocation.cachedExecutorIdleTimeout": "",
        "livy.spark.dynamicAllocation.maxExecutors": "",
        "livy.spark.dynamicAllocation.initialExecutors": "",
        "livy.spark.driver.memory": ""
      },
      "status": "READY",
      "interpreterGroup": [
        {
          "name": "spark",
          "class": "org.apache.zeppelin.livy.LivySparkInterpreter",
          "defaultInterpreter": true,
          "editor": {
            "language": "scala",
            "editOnDblClick": false
          }
        },
        {
          "name": "sql",
          "class": "org.apache.zeppelin.livy.LivySparkSQLInterpreter",
          "defaultInterpreter": false,
          "editor": {
            "language": "sql",
            "editOnDblClick": false
          }
        },
        {
          "name": "pyspark",
          "class": "org.apache.zeppelin.livy.LivyPySparkInterpreter",
          "defaultInterpreter": false,
          "editor": {
            "language": "python",
            "editOnDblClick": false
          }
        },
        {
          "name": "pyspark3",
          "class": "org.apache.zeppelin.livy.LivyPySpark3Interpreter",
          "defaultInterpreter": false,
          "editor": {
            "language": "python",
            "editOnDblClick": false
          }
        },
        {
          "name": "sparkr",
          "class": "org.apache.zeppelin.livy.LivySparkRInterpreter",
          "defaultInterpreter": false,
          "editor": {
            "language": "r",
            "editOnDblClick": false
          }
        }
      ],
      "dependencies": [],
      "option": {
        "remote": true,
        "port": -1,
        "perNote": "shared",
        "perUser": "scoped",
        "isExistingProcess": false,
        "setPermission": false,
        "users": [],
        "isUserImpersonate": false
      }
    },
    "2CV4MDH38": {
      "id": "2CV4MDH38",
      "name": "cassandra",
      "group": "cassandra",
      "properties": {
        "cassandra.query.default.consistency": "ONE",
        "cassandra.pooling.max.connection.per.host.local": "8",
        "cassandra.load.balancing.policy": "DEFAULT",
        "cassandra.pooling.new.connection.threshold.local": "100",
        "cassandra.credentials.password": "none",
        "cassandra.native.port": "9042",
        "cassandra.hosts": "localhost",
        "cassandra.pooling.core.connection.per.host.local": "2",
        "cassandra.pooling.pool.timeout.millisecs": "5000",
        "cassandra.retry.policy": "DEFAULT",
        "cassandra.protocol.version": "4",
        "cassandra.pooling.core.connection.per.host.remote": "1",
        "cassandra.pooling.new.connection.threshold.remote": "100",
        "cassandra.pooling.max.request.per.connection.remote": "256",
        "cassandra.cluster": "Test Cluster",
        "cassandra.pooling.max.request.per.connection.local": "1024",
        "cassandra.speculative.execution.policy": "DEFAULT",
        "cassandra.compression.protocol": "NONE",
        "cassandra.query.default.fetchSize": "5000",
        "cassandra.pooling.idle.timeout.seconds": "120",
        "cassandra.keyspace": "system",
        "cassandra.socket.tcp.no_delay": "true",
        "cassandra.max.schema.agreement.wait.second": "10",
        "cassandra.credentials.username": "none",
        "cassandra.socket.connection.timeout.millisecs": "5000",
        "cassandra.query.default.serial.consistency": "SERIAL",
        "cassandra.interpreter.parallelism": "10",
        "cassandra.pooling.max.connection.per.host.remote": "2",
        "cassandra.pooling.heartbeat.interval.seconds": "30",
        "cassandra.reconnection.policy": "DEFAULT",
        "cassandra.socket.read.timeout.millisecs": "12000"
      },
      "status": "READY",
      "interpreterGroup": [
        {
          "name": "cassandra",
          "class": "org.apache.zeppelin.cassandra.CassandraInterpreter",
          "defaultInterpreter": false,
          "editor": {
            "editOnDblClick": false
          }
        }
      ],
      "dependencies": [],
      "option": {
        "remote": true,
        "port": -1,
        "perNote": "shared",
        "perUser": "shared",
        "isExistingProcess": false,
        "setPermission": false,
        "users": [],
        "isUserImpersonate": false
      }
    }
  },
  "interpreterBindings": {
    "2CTHM9HNM": [
      "2CVB6K5TG",
      "2CUQF4DYU",
      "2CVCWER1P",
      "2CTZV32R3",
      "2CTPCUKXV",
      "2CTEXJJP8",
      "2CT3DTRAQ",
      "2CUS93SMZ",
      "2CVPN4ZZK",
      "2CSWWDBNM",
      "2CTAQTFVZ",
      "2CU2M6WVZ",
      "2CV4MDH38",
      "2CU7T7XZ9",
      "2CUDKUJ2F",
      "2CUVH94Q9",
      "2CV6YHRP2",
      "2CT6UG9PW",
      "2CVZ9AZB1"
    ]
  },
  "interpreterRepositories": [
    {
      "id": "central",
      "type": "default",
      "url": "http://repo1.maven.org/maven2/",
      "releasePolicy": {
        "enabled": true,
        "updatePolicy": "daily",
        "checksumPolicy": "warn"
      },
      "snapshotPolicy": {
        "enabled": true,
        "updatePolicy": "daily",
        "checksumPolicy": "warn"
      },
      "mirroredRepositories": [],
      "repositoryManager": false
    },
    {
      "id": "local",
      "type": "default",
      "url": "file:///user-home/999/.m2/repository",
      "releasePolicy": {
        "enabled": true,
        "updatePolicy": "daily",
        "checksumPolicy": "warn"
      },
      "snapshotPolicy": {
        "enabled": true,
        "updatePolicy": "daily",
        "checksumPolicy": "warn"
      },
      "mirroredRepositories": [],
      "repositoryManager": false
    }
  ]
}