{
    "algorithm": "PipelineModel", 
    "algorithmType": "Classification", 
    "author": "999", 
    "createdAt": 1525853032104, 
    "features": [
        {
            "name": "Status", 
            "sample": "M", 
            "type": "unicode"
        }, 
        {
            "name": "CHURN", 
            "sample": "F", 
            "type": "unicode"
        }, 
        {
            "name": "Usage", 
            "sample": 28.14, 
            "type": "float"
        }, 
        {
            "name": "Paymethod", 
            "sample": "CH", 
            "type": "unicode"
        }, 
        {
            "name": "Gender", 
            "sample": "F", 
            "type": "unicode"
        }, 
        {
            "name": "Age", 
            "sample": 25.14, 
            "type": "float"
        }, 
        {
            "name": "RatePlan", 
            "sample": 1.0, 
            "type": "float"
        }, 
        {
            "name": "Children", 
            "sample": 2.0, 
            "type": "float"
        }, 
        {
            "name": "LongDistanceBilltype", 
            "sample": "Intnl_discount", 
            "type": "unicode"
        }, 
        {
            "name": "CarOwner", 
            "sample": "N", 
            "type": "unicode"
        }, 
        {
            "name": "Dropped", 
            "sample": 0.0, 
            "type": "float"
        }, 
        {
            "name": "EstIncome", 
            "sample": 52004.8, 
            "type": "float"
        }, 
        {
            "name": "International", 
            "sample": 0.0, 
            "type": "float"
        }, 
        {
            "name": "LongDistance", 
            "sample": 5.03, 
            "type": "float"
        }, 
        {
            "name": "Local", 
            "sample": 23.11, 
            "type": "float"
        }, 
        {
            "name": "ID", 
            "sample": 14, 
            "type": "int"
        }, 
        {
            "name": "LocalBilltype", 
            "sample": "Budget", 
            "type": "unicode"
        }
    ], 
    "id": 1525853032104, 
    "isPublished": false, 
    "labelColumns": [
        {
            "name": "CHURN", 
            "type": "string"
        }
    ], 
    "latestModelVersion": 1, 
    "learningType": "Supervised", 
    "name": "Telco Churn Zeppelin", 
    "params": {}, 
    "publishedBy": "", 
    "publishedModelVersion": -1, 
    "runtime": "Python27", 
    "serialization": "spark", 
    "source": "", 
    "type": "spark-2.0"
}