{
    "algorithm": "Pipeline", 
    "algorithmType": "Classification", 
    "author": "999", 
    "createdAt": 1525849264144, 
    "features": [
        {
            "name": "ACCT_STATUS_K_USD", 
            "sample": "NONE", 
            "type": "unicode"
        }, 
        {
            "name": "ACCOUNT_TYPE", 
            "sample": "500 to 1000 K USD", 
            "type": "unicode"
        }, 
        {
            "name": "CONTRACT_DURATION_MONTH", 
            "sample": 48, 
            "type": "int"
        }, 
        {
            "name": "NUMBER_CREDITS", 
            "sample": 1, 
            "type": "int"
        }, 
        {
            "name": "PRESENT_RESIDENT", 
            "sample": "1 to 2 YRS", 
            "type": "unicode"
        }, 
        {
            "name": "STATE", 
            "sample": "NY", 
            "type": "unicode"
        }, 
        {
            "name": "AMOUNT_K_USD", 
            "sample": 12749, 
            "type": "int"
        }, 
        {
            "name": "CREDIT_PROGRAM", 
            "sample": "ELECTRONICS", 
            "type": "unicode"
        }, 
        {
            "name": "ACCT_AGE", 
            "sample": "4 to 7 YRS", 
            "type": "unicode"
        }, 
        {
            "name": "ESTABLISHED_MONTH", 
            "sample": 37, 
            "type": "int"
        }, 
        {
            "name": "HISTORY", 
            "sample": "DELAY IN PAST", 
            "type": "unicode"
        }
    ], 
    "id": 1525849264144, 
    "isPublished": false, 
    "labelColumns": [
        {
            "name": "IS_DEFAULT", 
            "type": "float32"
        }
    ], 
    "latestModelVersion": 1, 
    "learningType": "Supervised", 
    "name": "CreditCard_Default_Model", 
    "params": {}, 
    "publishedBy": "", 
    "publishedModelVersion": -1, 
    "runtime": "Python27", 
    "serialization": "joblib", 
    "source": "", 
    "type": "scikit-learn-0.19"
}