{
    "algorithm": "Pipeline", 
    "algorithmType": "Classification", 
    "author": "999", 
    "createdAt": 1525850032617, 
    "features": [
        {
            "name": "Status", 
            "sample": "M", 
            "type": "unicode"
        }, 
        {
            "name": "Usage", 
            "sample": 27.87, 
            "type": "float"
        }, 
        {
            "name": "Paymethod", 
            "sample": "CC", 
            "type": "unicode"
        }, 
        {
            "name": "Gender", 
            "sample": "F", 
            "type": "unicode"
        }, 
        {
            "name": "Age", 
            "sample": 31.126667, 
            "type": "float"
        }, 
        {
            "name": "RatePlan", 
            "sample": 1.0, 
            "type": "float"
        }, 
        {
            "name": "Children", 
            "sample": 2.0, 
            "type": "float"
        }, 
        {
            "name": "LongDistanceBilltype", 
            "sample": "Standard", 
            "type": "unicode"
        }, 
        {
            "name": "CarOwner", 
            "sample": "Y", 
            "type": "unicode"
        }, 
        {
            "name": "Dropped", 
            "sample": 0.0, 
            "type": "float"
        }, 
        {
            "name": "EstIncome", 
            "sample": 64816.6, 
            "type": "float"
        }, 
        {
            "name": "International", 
            "sample": 0.0, 
            "type": "float"
        }, 
        {
            "name": "LongDistance", 
            "sample": 21.0, 
            "type": "float"
        }, 
        {
            "name": "Local", 
            "sample": 6.87, 
            "type": "float"
        }, 
        {
            "name": "ID", 
            "sample": 3024, 
            "type": "int"
        }, 
        {
            "name": "LocalBilltype", 
            "sample": "Budget", 
            "type": "unicode"
        }
    ], 
    "id": 1525850032617, 
    "isPublished": false, 
    "labelColumns": [
        {
            "name": "CHURN", 
            "type": "float32"
        }
    ], 
    "latestModelVersion": 2, 
    "learningType": "Supervised", 
    "name": "Telco_Churn_SKL_model", 
    "params": {}, 
    "publishedBy": "", 
    "publishedModelVersion": -1, 
    "runtime": "Python27", 
    "serialization": "joblib", 
    "source": "", 
    "type": "scikit-learn-0.19"
}