ID,Gender,Status,Children,EstIncome,CarOwner,Age,LongDistance,International,Local,Dropped,Paymethod,LocalBilltype,LongDistanceBilltype,Usage,RatePlan,CHURN
14,F,M,2,52004.8,N,25.14,5.03,0,23.11,0,CH,Budget,Intnl_discount,28.14,1,F
18,M,M,1,75004.5,N,64.8,26.52,0,32.19,0,CC,Budget,Intnl_discount,58.72,1,F
21,M,M,0,19749.3,N,60.366667,20.22,0,13.94,0,CC,Budget,Standard,34.17,3,F
22,M,S,1,57626.9,Y,43.906667,9.38,0,38.96,0,CC,Budget,Standard,48.35,2,F
29,M,M,1,7545.96,Y,16.753333,22.39,0,178.36,0,CC,Budget,Standard,200.75,3,T
40,F,S,0,28589.1,N,15.6,13.19,0,87.09,0,CC,FreeLocal,Standard,100.28,4,T
52,F,M,2,67388,N,53.12,4.79,0.5,91.04,1,CC,Budget,Standard,96.33,3,T
74,M,M,1,39229.1,N,26.26,28.82,4.74,13.53,0,CC,Budget,Intnl_discount,47.1,4,F
84,F,M,0,32703.1,Y,64.92,16.8,0,56.09,0,CC,Budget,Intnl_discount,72.89,4,F
85,F,M,1,77129.1,Y,61.846667,24.77,0,20.07,0,CH,FreeLocal,Intnl_discount,44.85,4,F
89,F,S,2,38280,N,33.74,11.64,0,74.97,0,Auto,FreeLocal,Intnl_discount,86.61,4,T
95,F,M,2,77551.1,Y,33.6,20.53,0,41.89,1,CC,Budget,Intnl_discount,62.42,2,F
97,F,S,0,69350.5,Y,57.42,1.9,0,25.95,0,CC,FreeLocal,Standard,27.86,4,F
110,F,S,2,21021.6,Y,62.753333,1,0,11.19,0,CC,Budget,Standard,14.95,3,T
121,F,M,1,20550.9,Y,22.12,27.72,0.86,57.06,0,CC,Budget,Standard,85.64,3,T
198,F,S,2,14578.8,Y,60.933333,11.91,0,95.1,0,Auto,Budget,Standard,107.02,1,T
213,F,D,0,30763.8,Y,14.193333,21.32,0,35.85,0,CC,Budget,Standard,57.17,4,T
221,M,M,1,2067.82,N,47.853333,15.25,0,70.65,0,CC,Budget,Intnl_discount,85.9,4,F
224,F,M,2,69343.3,N,42.166667,6.36,0,15.54,0,CC,FreeLocal,Standard,21.91,2,F
234,F,M,2,50561.3,N,52,16.6,0,113.31,1,CH,Budget,Standard,129.91,2,F
236,F,S,2,23464,Y,70,22.43,0,41.71,0,CC,Budget,Intnl_discount,64.14,3,T
242,F,M,1,66921.4,Y,43,15.7,0,8.97,0,CC,FreeLocal,Intnl_discount,24.67,3,F
243,F,M,1,98453.6,Y,46,13.72,0,11.65,0,Auto,FreeLocal,Standard,25.38,3,F
244,F,M,2,94026.8,Y,27.746667,25,0,10.62,0,CC,FreeLocal,Intnl_discount,35.63,3,F
246,F,S,2,57420,Y,61,25.18,0,252.53,1,Auto,Budget,Standard,277.72,2,F
254,F,M,2,18296.4,Y,42.626667,0.08,0,10.39,0,CC,FreeLocal,Standard,10.47,3,F
272,F,M,2,82644.2,Y,33.493333,21.97,0,19.88,0,CC,FreeLocal,Intnl_discount,41.85,4,F
273,F,S,1,27783.6,N,14.04,4.97,6.53,18.07,0,CC,FreeLocal,Standard,29.58,3,T
289,M,S,1,16432.1,Y,20.92,20.41,8.89,80.47,0,CH,Budget,Intnl_discount,109.78,1,T
291,M,S,1,71329.9,Y,42.233333,14.27,3.55,45.92,0,CC,Budget,Standard,63.75,3,T
308,F,S,0,5185.31,N,62.053333,16.39,5.99,30.51,0,CC,FreeLocal,Intnl_discount,52.9,2,T
309,F,S,0,41000,N,16.06,26.01,0,108.44,0,CC,Budget,Standard,134.45,4,T
310,F,S,0,32098,N,22.433333,22.96,8.28,75.27,0,CH,Budget,Intnl_discount,106.53,2,T
313,F,M,2,59691.3,N,38.04,21.94,0,256.7,0,CC,Budget,Standard,278.65,2,F
335,F,M,2,8032.16,N,45.666667,29.68,0,59.08,0,CC,FreeLocal,Standard,88.77,2,F
337,M,M,0,5745,Y,15.38,26.4,0,17.71,0,CC,FreeLocal,Standard,44.11,1,T
350,F,M,2,69486.8,N,30.946667,7.72,0,9.39,1,CC,Budget,Standard,17.11,1,F
354,F,M,2,92103.8,N,52.153333,7.42,0,7.43,0,CC,Budget,Standard,14.86,3,F
382,F,M,2,72841.3,N,47.02,10.36,0,72.16,0,CC,Budget,Standard,82.53,1,F
386,M,M,0,12387.6,N,56.173333,7,0,65.93,0,Auto,FreeLocal,Standard,93.85,2,F
398,M,S,1,94188.3,N,57.546667,20.86,0.86,19.78,0,CC,Budget,Standard,41.51,2,T
410,M,S,0,15924.2,N,14.46,0,0,1.46,0,CH,FreeLocal,Standard,1.46,2,F
414,M,M,2,21416.5,N,35.653333,9.9,9.17,8.53,0,CC,FreeLocal,Intnl_discount,27.61,1,F
421,M,M,0,60101.1,Y,63.766667,27.7,6.11,124.14,2,CH,FreeLocal,Standard,157.96,4,T
422,F,M,2,38215.9,N,30.886667,0,0,0.97,0,Auto,Budget,Standard,0.97,2,F
428,M,S,0,89142.7,N,33,3.76,8.13,5.01,0,CC,Budget,Intnl_discount,16.91,2,F
455,F,M,2,64816.6,Y,31.126667,21,0,6.87,0,CC,Budget,Standard,27.87,2,F
463,M,M,0,69168.4,Y,62.426667,14.16,6.01,214.73,0,CC,Budget,Standard,234.91,2,T
465,M,M,0,96681,Y,19.76,7,7.66,40.92,0,CC,Budget,Standard,73.76,2,F
466,M,S,0,62705.9,Y,32,8,0,6.81,0,CC,FreeLocal,Intnl_discount,33.44,2,F
477,F,S,1,73338,N,48.246667,20.92,0,9.01,0,Auto,Budget,Intnl_discount,29.93,3,F
481,M,M,2,10708.3,N,26.026667,20.83,4.85,117.26,0,CH,Budget,Intnl_discount,142.95,3,F
494,M,S,1,24141.5,Y,17.006667,28.82,0,97.05,0,CC,FreeLocal,Standard,125.87,4,T
510,F,M,2,56187,N,42,8.09,0,13.74,0,CH,Budget,Standard,21.83,2,F
523,M,S,2,96.33,N,56.473333,26.13,0,32.88,1,CC,Budget,Standard,59.01,4,F
552,F,S,0,28589.1,N,15.6,13.19,0,87.09,0,CC,FreeLocal,Standard,100.28,4,T
554,F,M,2,5237.63,N,48.753333,13.32,8.05,56.64,0,CC,Budget,Standard,78.02,1,F
574,F,M,2,45287.6,Y,29.026667,0,0,2.97,0,CC,Budget,Standard,2.97,3,F
577,F,S,1,16326.7,N,50.613333,0,0,1.34,0,CC,FreeLocal,Intnl_discount,1.34,2,T
583,F,M,2,42031.8,N,50.753333,20.45,0,39.33,0,CH,Budget,Intnl_discount,59.78,3,F
586,M,M,1,39229.1,N,26.26,28.82,4.74,13.53,0,CC,Budget,Intnl_discount,47.1,4,F
593,F,S,2,84789.3,N,50.433333,14.22,8.8,10.45,0,CH,FreeLocal,Standard,33.47,4,T
608,F,M,0,38538.4,N,12.326667,22.86,8.32,16.48,0,CC,FreeLocal,Standard,47.66,3,T
645,M,M,2,42750.3,Y,50.493333,20.59,1.97,112.4,0,Auto,Budget,Intnl_discount,134.97,2,F
648,M,M,2,22358.1,N,52.626667,15.54,1.52,12.19,0,CC,Budget,Standard,29.25,3,F
660,M,M,2,91272.2,Y,25.033333,26.99,0,13.01,0,CC,FreeLocal,Standard,40,3,F
678,M,M,1,64792.3,N,52.146667,13.05,1.51,36.84,0,CH,FreeLocal,Standard,51.41,1,T
694,F,S,1,12686,N,64.8,23.23,0,80.64,0,Auto,Budget,Standard,103.88,1,T
717,F,M,0,28770.9,N,12.34,27.99,5.32,16.27,0,CH,FreeLocal,Standard,49.6,3,T
733,M,M,1,2067.82,N,47.853333,15.25,0,70.65,0,CC,Budget,Intnl_discount,85.9,2,F
743,F,M,2,21419.9,N,59.833333,26.39,0,103.12,0,CC,FreeLocal,Standard,129.51,1,F
751,M,M,0,65619.7,Y,52.646667,13.56,0,144.66,0,CC,Budget,Standard,158.22,2,T
752,F,M,1,95620.3,Y,47,10.91,0,93.61,0,CC,Budget,Standard,104.53,4,F
769,F,S,1,70000,N,56.193333,22.82,0,63.29,0,Auto,FreeLocal,Standard,86.12,1,F
771,M,M,1,47371,Y,54.96,4.98,7.69,258.29,0,CC,Budget,Intnl_discount,270.97,4,F
772,F,M,2,52957,Y,39.746667,25.79,0,125.52,2,CH,FreeLocal,Standard,151.32,4,F
773,F,S,2,86747.1,N,64.853333,20.15,0,37.24,0,Auto,Budget,Standard,57.4,4,F
797,F,M,0,98056.3,N,55.966667,23.7,0,126.96,0,Auto,FreeLocal,Standard,150.67,1,F
800,M,M,0,78894.2,N,52.74,2,1.41,43.23,0,CH,Budget,Intnl_discount,46.65,3,T
818,F,S,0,43382.3,N,16.073333,29.67,8.76,99.94,0,CH,FreeLocal,Standard,138.37,3,T
821,F,D,1,13011.4,N,16.06,26.01,0,108.44,0,CC,Budget,Standard,134.45,3,T
840,F,S,2,93559.1,N,57.62,1.52,0,29.9,0,CC,Budget,Standard,31.42,4,F
844,F,S,2,3416.62,Y,22.76,18.97,0,104.73,0,CC,Budget,Standard,123.7,1,T
853,M,S,0,68000,Y,49,4.91,3.14,82.19,0,CH,Budget,Intnl_discount,90.25,3,T
861,F,S,0,919.93,N,38.26,27.28,0,93.42,0,CH,Budget,Standard,120.71,4,T
875,F,M,2,83259.3,N,50.88,0,0,4.46,0,CC,Budget,Standard,4.46,1,F
886,F,M,1,34555,N,23,25.77,0,8.84,0,CH,FreeLocal,Standard,34.61,4,T
894,F,M,2,72841.3,N,47.02,10.36,0,72.16,0,CC,Budget,Standard,82.53,2,F
913,F,M,2,91861,Y,41.98,15.32,0,6.74,0,CC,Budget,Standard,22.06,2,F
917,F,M,2,69133.9,Y,26.833333,8.58,0,37.73,0,CH,FreeLocal,Standard,46.32,1,T
930,M,S,1,78554.2,N,16.7,5.59,7.26,23.03,0,Auto,Budget,Standard,35.88,2,F
935,F,M,1,13829.4,N,20,29,0,160.42,0,CC,FreeLocal,Standard,176.61,1,T
936,F,M,2,49745.3,N,47.966667,2.84,0,24.44,0,CH,Budget,Intnl_discount,27.28,2,F
941,F,S,0,74530.8,N,63.086667,20.89,0.49,106.5,0,Auto,FreeLocal,Intnl_discount,127.89,3,F
948,F,M,2,76289.2,N,48.206667,22.2,0,82.43,0,CC,Budget,Intnl_discount,104.63,3,F
952,F,M,1,40120,N,22,26,0,26.78,0,Auto,FreeLocal,Intnl_discount,48.08,4,T
988,F,S,0,64319.2,N,41.226667,3.01,0,37.15,0,CH,Budget,Intnl_discount,40.16,1,T
989,F,S,1,73338,N,48.246667,20.92,0,9.01,0,Auto,Budget,Intnl_discount,29.93,2,F
996,F,M,0,2031.61,N,20.3,21.64,0,87.4,0,CC,Budget,Standard,109.04,1,T
1000,F,S,2,16938.5,N,52,13.35,0,8.76,0,CH,FreeLocal,Standard,22.11,3,F
1009,M,S,2,72084.7,N,55.64,29.11,0,9.02,0,CC,Budget,Intnl_discount,38.13,2,F
1021,M,D,1,90478.6,N,54.553333,18.02,0,136.47,0,CC,FreeLocal,Standard,154.49,4,T
1032,M,M,0,19732.8,N,50.673333,24.81,0,22.44,0,CC,FreeLocal,Standard,47.25,1,F
1041,M,M,2,53010.8,N,18.84,12.45,0,46.42,4,CC,FreeLocal,Standard,58.87,4,F
1042,M,M,0,75004.5,N,64.8,26.52,0,32.19,0,CC,Budget,Intnl_discount,58.72,1,F
1046,M,S,1,57626.9,Y,43.906667,9.38,0,38.96,0,CC,Budget,Standard,48.35,1,F
1059,F,S,0,78851.3,N,48.373333,0.37,0,28.66,0,CC,FreeLocal,Standard,29.04,3,F
1066,F,M,2,5237.63,N,48.753333,13.32,8.05,56.64,0,CC,Budget,Standard,78.02,3,F
1085,M,S,2,120000,N,42,21.37,0,293.24,0,CH,Budget,Standard,314.62,2,T
1092,F,S,2,9559.78,N,51.38,18.31,0,59.59,0,CC,FreeLocal,Standard,77.91,2,T
1097,F,M,2,83284.1,Y,28.42,26.91,0,9.04,0,Auto,FreeLocal,Intnl_discount,35.96,3,F
1098,M,M,1,39229.1,N,26.26,28.82,4.74,13.53,0,CC,Budget,Intnl_discount,47.1,4,F
1104,F,S,2,66182.7,Y,62.48,11.7,0,47.17,0,Auto,Budget,Standard,58.87,4,F
1105,F,M,2,84789.3,N,50.433333,14.22,8.8,10.45,0,CH,FreeLocal,Standard,33.47,4,T
1107,F,M,2,35976.5,Y,48.853333,18.85,0,31.78,0,Auto,FreeLocal,Intnl_discount,50.63,4,T
1108,F,M,0,32703.1,Y,64.92,16.8,0,56.09,0,CC,Budget,Intnl_discount,72.89,4,F
1127,M,M,0,92881.8,N,21.38,2.15,6.12,85.29,0,CC,FreeLocal,Standard,93.57,2,F
1133,M,S,1,92647.5,N,56.046667,16.04,5.74,10.34,0,CC,Budget,Standard,32.13,2,T
1135,M,S,0,74460.7,Y,55.34,25.53,0.99,179.93,0,CC,FreeLocal,Standard,206.46,2,T
1144,F,M,2,62061.8,Y,45.92,29.86,0,52.22,0,Auto,FreeLocal,Standard,82.08,1,F
1160,M,M,2,22358.1,N,52.626667,15.54,1.52,12.19,0,CC,Budget,Standard,29.25,3,F
1171,M,S,0,72928.2,N,38.733333,7.45,0,196.22,0,CC,Budget,Standard,203.67,2,F
1190,M,M,1,64792.3,N,52.146667,13.05,1.51,36.84,0,CH,FreeLocal,Standard,51.41,1,T
1193,F,S,0,93322.1,Y,40.313333,29.92,0,8.79,0,CH,Budget,Intnl_discount,38.72,1,T
1206,F,S,1,12686,N,64.8,23.23,0,80.64,0,Auto,Budget,Standard,103.88,4,T
1214,M,M,2,57360.8,Y,53.253333,10.36,0,57.25,0,CC,FreeLocal,Standard,67.61,1,F
1227,F,M,2,48238.8,N,34.706667,23.28,0,168.03,0,CC,FreeLocal,Standard,191.32,1,F
1237,F,S,1,30763.8,Y,14.193333,21.32,0,35.85,0,CC,Budget,Standard,57.17,3,T
1243,M,D,0,2056.06,Y,18.94,24.07,6.98,27.75,0,Auto,Budget,Standard,58.8,3,T
1245,M,M,1,2067.82,N,47.853333,15.25,0,70.65,0,CC,Budget,Intnl_discount,85.9,4,F
1248,F,M,2,69343.3,N,42.166667,6.36,0,15.54,0,CC,FreeLocal,Standard,21.91,1,F
1256,F,M,2,30665.2,Y,22.88,5.83,8.32,63.28,0,Auto,FreeLocal,Standard,77.44,3,F
1257,F,M,1,68000,Y,44,6.08,0,30.95,0,Auto,FreeLocal,Intnl_discount,37.04,1,F
1258,F,M,2,50561.3,N,62,16.6,0,113.31,1,CH,Budget,Standard,129.91,3,F
1264,F,M,1,95620.3,Y,41,10.91,0,93.61,0,CC,Budget,Standard,104.53,3,F
1268,F,M,2,94026.8,Y,27.746667,25,0,10.62,0,CC,FreeLocal,Intnl_discount,35.63,3,F
1275,F,S,2,46945,N,65,18.96,4.62,26.01,0,CC,Budget,Standard,49.6,2,T
1276,M,M,0,3911.9,N,59,5.72,8.48,25.14,0,CC,Budget,Intnl_discount,39.36,1,T
1279,F,S,0,39461,N,22.226667,22.87,0.28,103.52,1,CC,FreeLocal,Standard,126.68,2,T
1284,F,M,2,52957,Y,39.746667,25.79,0,125.52,2,CH,FreeLocal,Standard,151.32,4,F
1303,F,M,2,809.43,Y,31.913333,0,0,2.89,0,CH,FreeLocal,Intnl_discount,2.89,1,F
1313,M,S,1,16432.1,Y,20.92,20.41,8.89,80.47,0,CH,Budget,Intnl_discount,109.78,3,F
1314,M,M,0,62797.9,N,54.446667,8.32,4.28,55.48,0,CH,Budget,Intnl_discount,68.09,3,T
1323,F,M,0,57255.4,N,27,27.05,1.98,78.37,1,CC,FreeLocal,Standard,107.41,1,F
1324,F,S,1,71941.5,Y,45,7.99,7.34,87.88,0,CH,FreeLocal,Standard,103.21,3,F
1336,F,M,2,80087.7,N,41.92,8.74,0,22.82,0,CC,FreeLocal,Standard,31.56,4,T
1337,F,M,2,59691.3,N,38.04,21.94,0,256.7,0,CC,Budget,Standard,278.65,3,T
1341,M,M,0,70908.7,N,49.62,7.7,4.55,43.2,0,CC,FreeLocal,Standard,55.47,1,T
1346,M,M,0,78000,Y,50,16.2,4.27,18.84,0,CH,FreeLocal,Intnl_discount,39.32,2,T
1352,F,S,2,93559.1,N,57.62,1.52,0,29.9,0,CC,Budget,Standard,31.42,4,F
1353,F,M,1,56722.8,N,60.593333,17.37,6.21,51.17,0,CC,FreeLocal,Standard,74.77,4,F
1358,M,M,0,80000,Y,53.213333,15.27,0,25.62,0,CC,FreeLocal,Standard,40.9,4,F
1359,F,M,2,8032.16,N,45.666667,29.68,0,59.08,0,CC,FreeLocal,Standard,88.77,1,T
1377,F,M,0,14573.6,N,64.606667,26.61,0,236.97,0,CC,Budget,Standard,263.58,4,F
1378,F,M,2,92103.8,N,52.153333,7.42,0,7.43,0,CC,Budget,Standard,14.86,2,F
1379,F,S,2,8392.14,Y,36.68,25.03,7.33,54.8,0,CH,Budget,Intnl_discount,87.16,3,F
1384,F,D,1,67239.4,N,44.433333,12.89,0,53.81,0,Auto,FreeLocal,Intnl_discount,66.7,4,F
1385,M,M,1,69406.7,Y,46.826667,6.9,7.21,128.1,1,CC,FreeLocal,Standard,142.23,4,F
1387,F,M,2,83259.3,N,50.88,0,0,4.46,0,CC,Budget,Standard,4.46,1,F
1429,F,M,2,69133.9,Y,26.833333,8.58,0,37.73,0,CH,FreeLocal,Standard,46.32,4,T
1432,F,M,2,30998.8,N,40.96,2.4,0,50.5,0,Auto,Budget,Standard,52.91,1,T
1445,M,M,0,60101.1,Y,63.766667,27.7,6.11,124.14,2,CH,FreeLocal,Standard,157.96,4,T
1462,M,M,1,66931.9,N,63.933333,11.72,0.39,5.35,0,CC,Budget,Standard,17.46,3,T
1516,F,M,1,8073.11,N,48,28.7,0,60.35,0,Auto,FreeLocal,Standard,89.05,3,T
1518,M,S,1,24141.5,Y,17.006667,28.82,0,97.05,0,CC,FreeLocal,Standard,125.87,1,T
1522,F,S,0,42760.5,N,52.646667,13.47,0,40.23,0,CC,Budget,Standard,53.7,2,F
1544,M,M,0,19732.8,N,50.673333,24.81,0,22.44,0,CC,FreeLocal,Standard,47.25,4,F
1554,M,M,1,75004.5,N,64.8,26.52,0,32.19,0,CC,Budget,Intnl_discount,58.72,2,T
1560,F,M,2,47902,N,26.033333,17.44,4.94,49.92,1,Auto,FreeLocal,Standard,72.31,2,F
1588,F,M,2,67388,N,53.12,4.79,0.5,91.04,1,CC,Budget,Standard,96.33,4,F
1591,F,S,0,45612.9,N,14.3,12.53,0,311.29,0,CC,Budget,Standard,323.82,4,F
1596,F,S,1,7737.94,N,42.666667,11.05,0,50.84,0,CC,FreeLocal,Standard,61.9,3,F
1598,F,M,2,45287.6,Y,29.026667,0,0,2.97,0,CC,Budget,Standard,2.97,3,T
1599,F,M,2,59613.1,N,34.32,12.37,0,163.41,0,CC,Budget,Intnl_discount,175.78,1,F
1601,F,S,1,16326.7,N,50.613333,0,0,1.34,0,CC,FreeLocal,Intnl_discount,1.34,3,F
1610,M,M,1,39229.1,N,26.26,28.82,4.74,13.53,0,CC,Budget,Intnl_discount,47.1,4,T
1611,F,S,0,68427.4,N,42.393333,23.76,0,50.05,0,Auto,FreeLocal,Standard,73.81,2,F
1616,F,S,2,66182.7,Y,62.48,11.7,0,47.17,0,Auto,Budget,Standard,58.87,2,F
1619,F,M,2,35976.5,Y,48.853333,18.85,0,31.78,0,Auto,FreeLocal,Intnl_discount,50.63,4,F
1620,F,M,0,32703.1,Y,64.92,16.8,0,56.09,0,CC,Budget,Intnl_discount,72.89,4,T
1623,M,M,1,97180.4,N,33,8.21,9.63,45.66,0,Auto,FreeLocal,Standard,63.51,2,F
1626,M,S,0,64136.6,Y,61.106667,16.21,1,125.15,0,CC,FreeLocal,Intnl_discount,142.37,1,F
1630,F,S,0,25285.5,N,53.986667,9.37,0,11.93,0,CC,FreeLocal,Standard,21.3,2,F
1644,F,S,1,13109.1,N,62.606667,22.38,0,40.48,0,Auto,Budget,Standard,62.87,2,F
1653,M,M,1,13091.6,N,59.126667,22.79,0,20.26,0,CC,Budget,Intnl_discount,43.06,4,T
1656,F,M,2,62061.8,Y,45.92,29.86,0,52.22,0,Auto,FreeLocal,Standard,82.08,2,F
1674,M,M,0,47870.8,Y,27.26,7,1.17,12.48,0,CC,FreeLocal,Standard,13.82,2,F
1684,M,M,2,91272.2,Y,25.033333,26.99,0,13.01,0,CC,FreeLocal,Standard,40,2,T
1710,M,M,1,63437.3,N,63.653333,0.68,3.35,10.94,0,CC,Budget,Intnl_discount,14.98,4,F
1734,F,S,2,14578.8,Y,60.933333,11.91,0,95.1,0,Auto,Budget,Standard,107.02,2,F
1737,M,M,0,78572.2,Y,42.346667,21.81,0,29.28,1,CC,FreeLocal,Standard,51.09,2,T
1742,F,M,2,87578.2,Y,53.366667,0.29,0,22.15,0,CC,Budget,Standard,22.44,2,F
1745,F,S,2,76791.2,N,55,20.71,0,23,0,CC,Budget,Intnl_discount,43.71,3,F
1760,M,M,0,69343.3,N,42.166667,6.36,0,15.54,0,CC,FreeLocal,Standard,21.91,4,T
1768,M,M,2,30665.2,Y,22.88,5.83,8.32,63.28,0,Auto,FreeLocal,Standard,77.44,4,T
1769,F,M,1,78000,Y,58.56,6.08,0,30.95,0,Auto,FreeLocal,Intnl_discount,37.04,4,F
1775,M,M,0,65619.7,Y,52,13.56,0,144.66,0,CC,Budget,Standard,158.22,1,F
1776,F,M,1,95620.3,Y,61,10.91,0,93.61,0,CC,Budget,Standard,104.53,1,F
1780,F,M,2,94026.8,Y,27.746667,25,0,10.62,0,CC,FreeLocal,Intnl_discount,35.63,4,T
1790,F,M,2,18296.4,Y,42.626667,0.08,0,10.39,0,CC,FreeLocal,Standard,10.47,3,T
1797,F,S,2,86747.1,N,64.853333,20.15,0,37.24,0,Auto,Budget,Standard,57.4,1,T
1809,F,S,1,27783.6,N,14.04,4.97,6.53,18.07,0,CC,FreeLocal,Standard,29.58,2,F
1815,F,M,2,809.43,Y,31.913333,0,0,2.89,0,CH,FreeLocal,Intnl_discount,2.89,3,F
1820,F,S,2,19008.4,Y,52.166667,10.54,0,137.19,0,CC,FreeLocal,Standard,147.74,2,T
1826,M,M,1,62797.9,N,54.446667,8.32,4.28,55.48,0,CH,Budget,Intnl_discount,68.09,1,F
1840,M,M,1,75799.9,N,46.38,22.24,7.02,64.8,0,CC,FreeLocal,Intnl_discount,94.06,2,F
1848,F,M,2,80087.7,N,41.92,8.74,0,22.82,0,CC,FreeLocal,Standard,31.56,4,F
1849,F,M,2,59691.3,N,38.04,21.94,0,256.7,0,CC,Budget,Standard,278.65,3,F
1851,F,S,2,11251.1,Y,47,28.42,0,113.48,0,CC,FreeLocal,Standard,141.91,4,F
1854,M,S,0,94928.3,N,40.18,14.42,5.61,73.74,0,CH,FreeLocal,Standard,93.78,1,F
1871,F,M,2,8032.16,N,45.666667,29.68,0,59.08,0,CC,FreeLocal,Standard,88.77,1,T
1873,M,M,0,5745,Y,15.38,26.4,0,17.71,0,CC,FreeLocal,Standard,44.11,2,T
1875,F,S,0,92564.1,Y,49.133333,23.17,0,51.68,0,Auto,FreeLocal,Standard,74.86,3,T
1887,F,M,2,24482.8,N,33.533333,0,0,2,0,CH,Budget,Intnl_discount,2,3,F
1894,F,M,2,47010.1,N,57.406667,2.54,0,164.76,0,CC,Budget,Intnl_discount,167.31,1,T
1897,M,M,1,69406.7,Y,46.826667,6.9,7.21,128.1,1,CC,FreeLocal,Standard,142.23,4,T
1908,M,M,1,76511.3,N,62.08,21.68,3.46,17.37,0,CC,FreeLocal,Standard,42.52,2,T
1925,F,M,2,57483.9,N,44.026667,17.01,0,27.29,0,CH,Budget,Standard,44.3,2,F
1928,F,M,2,28267,N,30.093333,21.87,0,192.53,0,CC,FreeLocal,Standard,214.41,4,T
1930,F,M,2,36725.1,N,55.793333,8.65,9.22,77,0,CH,Budget,Standard,94.88,4,F
1941,F,M,2,69133.9,Y,26.833333,8.58,0,37.73,0,CH,FreeLocal,Standard,46.32,1,F
1962,F,M,2,88427,N,13.86,22.46,4.16,43.34,0,CC,Budget,Standard,69.97,3,T
1964,M,S,0,89142.7,N,53.693333,3.76,8.13,5.01,0,CC,Budget,Intnl_discount,16.91,1,F
1967,F,S,0,30000,N,23,45,0,262.91,0,CC,Budget,Standard,265.78,1,T
1986,F,M,2,90271.6,N,44.926667,13.96,0,96.43,0,CC,FreeLocal,Standard,110.4,2,F
1991,F,M,2,64816.6,Y,31.126667,21,0,6.87,0,CC,Budget,Standard,27.87,1,F
2000,M,M,1,92148.5,Y,30,7,0,100.9,0,CC,Budget,Intnl_discount,113.68,2,F
2002,M,S,0,62705.9,Y,38,9,0,6.81,0,CC,FreeLocal,Intnl_discount,33.44,2,T
2003,M,S,0,80221.2,N,29.026667,7,0,49.56,0,Auto,FreeLocal,Standard,50.48,2,T
2007,M,M,2,90103.7,N,34.946667,12.23,8.87,45.34,0,CC,Budget,Intnl_discount,66.45,2,F
2009,M,S,1,5265.35,N,52.873333,2.33,5.3,23.46,0,Auto,Budget,Intnl_discount,31.1,2,T
2015,F,M,2,16962.2,N,45.36,18.6,0,8.96,0,CC,Budget,Standard,27.57,2,F
2024,F,S,2,16938.5,N,46,13.35,0,8.76,0,CH,FreeLocal,Standard,22.11,4,F
2028,F,M,1,8073.11,N,55,28.7,0,60.35,0,Auto,FreeLocal,Standard,89.05,4,T
2032,M,S,1,31952,N,34.266667,0,0,4.87,2,CC,Budget,Standard,4.87,2,F
2044,M,S,0,90321.6,N,55.113333,0.87,0,11.52,0,CH,FreeLocal,Intnl_discount,12.39,1,F
2045,M,D,1,90478.6,N,54.553333,18.02,0,136.47,0,CC,FreeLocal,Standard,154.49,1,F
2056,M,M,2,53010.8,N,18.84,12.45,0,46.42,4,CC,FreeLocal,Standard,58.87,2,F
2057,M,M,1,75004.5,N,64.8,26.52,0,32.19,0,CC,Budget,Intnl_discount,58.72,2,F
2060,M,M,0,19749.3,N,60.366667,20.22,0,13.94,0,CC,Budget,Standard,34.17,1,F
2061,M,S,1,57626.9,Y,43.906667,9.38,0,38.96,0,CC,Budget,Standard,48.35,3,F
2071,F,S,1,13576.5,N,39.426667,14.83,0,25.66,0,CC,Budget,Standard,40.49,3,T
2084,M,S,2,21021.6,Y,62.753333,3,0,11.19,0,CC,Budget,Standard,14.95,2,F
2087,F,S,2,28787.4,N,41.666667,27.97,0,58.09,0,Auto,Budget,Standard,86.06,3,T
2098,F,S,2,19131.1,N,56.186667,22.15,0,34.91,0,Auto,Budget,Standard,57.07,4,T
2123,M,M,1,76161.4,Y,44.573333,11.96,0,25.58,0,CC,FreeLocal,Standard,37.55,3,T
2124,F,M,2,55860,Y,14.573333,16.01,0,10.35,0,CC,FreeLocal,Intnl_discount,26.37,4,F
2140,F,M,0,83287,N,41,29.64,0,90.18,4,Auto,FreeLocal,Intnl_discount,119.82,1,F
2148,F,M,1,95620.3,Y,43,10.91,0,93.61,0,CC,Budget,Standard,104.53,1,F
2150,F,M,1,66921.4,Y,62,15.7,0,8.97,0,CC,FreeLocal,Intnl_discount,24.67,1,F
2155,M,M,2,47639.1,N,48,17.48,0,39.62,0,CC,Budget,Intnl_discount,57.11,1,F
2158,F,S,0,39461,N,22.226667,22.87,0.28,103.52,1,CC,FreeLocal,Standard,126.68,4,F
2162,M,S,1,16432.1,Y,20.92,20.41,8.89,80.47,0,CH,Budget,Intnl_discount,109.78,2,F
2191,F,M,2,36725.1,N,55.793333,8.65,9.22,77,0,CH,Budget,Standard,94.88,4,F
2195,M,S,1,94188.3,N,57.546667,20.86,0.86,19.78,0,CC,Budget,Standard,41.51,4,F
2221,F,M,2,98003.7,Y,26.273333,1.03,0,83.39,0,CC,FreeLocal,Intnl_discount,84.42,4,T
2223,F,S,0,74530.8,N,63.086667,20.89,0.49,106.5,0,Auto,FreeLocal,Intnl_discount,127.89,4,T
2235,F,S,0,42000,N,24,43,0,154.77,0,CC,Budget,Intnl_discount,168.28,4,T
2236,F,S,0,43000,N,21,42,0,61.44,0,CC,Budget,Standard,65.79,3,F
2251,F,S,0,15989.3,N,61.693333,3.67,0,25.49,1,CC,Budget,Intnl_discount,29.17,2,F
2253,M,M,0,96681,Y,19.76,5,7.66,40.92,0,CC,Budget,Standard,73.76,2,F
2255,M,S,0,80221.2,N,29.026667,0.91,0,49.56,0,Auto,FreeLocal,Standard,50.48,2,T
2262,F,M,2,16962.2,N,45.36,18.6,0,8.96,0,CC,Budget,Standard,27.57,1,F
2267,F,M,0,2031.61,N,20.3,21.64,0,87.4,0,CC,Budget,Standard,109.04,2,F
2270,F,S,2,16938.5,N,70,13.35,0,8.76,0,CH,FreeLocal,Standard,22.11,1,T
2281,F,S,1,49072,N,43,23.5,0,10.74,0,Auto,Budget,Intnl_discount,34.25,3,T
2285,M,M,0,71472.9,N,41.913333,16.02,0,114.2,0,CH,Budget,Standard,130.22,3,T
2286,F,M,0,95405.7,N,46,7.74,0,6.21,0,CC,Budget,Standard,13.96,2,T
2290,M,S,0,90478.6,N,54.553333,18.02,0,136.47,0,CC,FreeLocal,Standard,154.49,3,F
2294,F,S,1,32098,N,24.393333,23.56,0,206.08,0,CC,Budget,Intnl_discount,229.64,1,F
2305,M,S,1,57626.9,Y,43.906667,9.38,0,38.96,0,CC,Budget,Standard,48.35,3,F
2308,M,M,1,7545.96,Y,16.753333,22.39,0,178.36,0,CC,Budget,Standard,200.75,1,T
2315,F,S,1,13576.5,N,39.426667,14.83,0,25.66,0,CC,Budget,Standard,40.49,1,F
2353,F,S,2,21021.6,Y,62.753333,3.75,0,11.19,0,CC,Budget,Standard,14.95,4,F
2354,M,S,0,74460.7,Y,55.34,25.53,0.99,179.93,0,CC,FreeLocal,Standard,206.46,3,F
2373,M,M,2,28766.9,N,46.84,6.11,0,58.08,0,CC,Budget,Standard,64.2,1,F
2378,M,M,2,91272.2,Y,25.033333,26.99,0,13.01,0,CC,FreeLocal,Standard,40,2,F
2403,F,S,2,14578.8,Y,60.933333,11.91,0,95.1,0,Auto,Budget,Standard,107.02,2,F
2417,F,M,1,95620.3,Y,52.646667,10.91,0,93.61,0,CC,Budget,Standard,104.53,3,T
2427,F,S,0,39461,N,22.226667,22.87,0.28,103.52,1,CC,FreeLocal,Standard,126.68,1,T
2429,F,S,0,89813.6,N,12.846667,14.94,1.96,149.26,0,CC,FreeLocal,Intnl_discount,166.18,4,T
2431,M,S,1,16432.1,Y,20.92,20.41,8.89,80.47,0,CH,Budget,Intnl_discount,109.78,1,T
2443,F,S,2,3416.62,Y,22.76,18.97,0,104.73,0,CC,Budget,Standard,123.7,3,T
2460,F,M,2,36725.1,N,55.793333,8.65,9.22,77,0,CH,Budget,Standard,94.88,2,T
2467,F,M,2,91861,Y,41.98,15.32,0,6.74,0,CC,Budget,Standard,22.06,3,F
2506,F,S,2,42000,N,20,43,0,35.73,0,Auto,Budget,Standard,41.78,1,F
2520,F,S,0,15989.3,N,61.693333,3.67,0,25.49,1,CC,Budget,Intnl_discount,29.17,2,T
2530,F,S,0,433.74,N,60.746667,3.3,0,40.91,0,CC,FreeLocal,Standard,44.22,3,F
2531,F,M,2,16962.2,N,45.36,18.6,0,8.96,0,CC,Budget,Standard,27.57,2,F
2533,M,M,2,10708.3,N,26.026667,20.83,4.85,117.26,0,CH,Budget,Intnl_discount,142.95,2,F
2536,F,M,0,2031.61,N,20.3,21.64,0,87.4,0,CC,Budget,Standard,109.04,4,F
2548,M,S,2,72084.7,N,55.64,29.11,0,9.02,0,CC,Budget,Intnl_discount,38.13,1,T
2550,F,S,1,49072,N,52.646667,23.5,0,10.74,0,Auto,Budget,Intnl_discount,34.25,2,F
2554,M,M,1,71472.9,N,41.913333,16.02,0,114.2,0,CH,Budget,Standard,130.22,1,F
2555,F,M,0,95405.7,N,62,7.74,0,6.21,0,CC,Budget,Standard,13.96,3,T
2560,F,M,2,56187,N,43,8.09,0,13.74,0,CH,Budget,Standard,21.83,3,F
2603,M,M,1,13091.6,N,59.126667,22.79,0,20.26,0,CC,Budget,Intnl_discount,43.06,2,F
2613,F,S,2,38280,N,33.74,11.64,0,74.97,0,Auto,FreeLocal,Intnl_discount,86.61,2,F
2616,M,M,1,63900.9,N,28.333333,8.36,0,39.04,0,CC,Budget,Standard,47.4,2,T
2623,F,M,0,83891.9,Y,61.02,28.92,0,45.47,0,CH,Budget,Standard,74.4,2,F
2635,M,M,2,49910.7,Y,51.52,27.42,0,23.72,0,CC,Budget,Standard,51.14,3,F
2648,F,M,2,87578.2,Y,53.366667,0.29,0,22.15,0,CC,Budget,Standard,22.44,2,F
2649,F,M,2,86695.4,N,13.906667,25.94,0,32.09,0,CC,FreeLocal,Standard,58.03,1,F
2663,F,M,1,66921.4,Y,55,15.7,0,8.97,0,CC,FreeLocal,Intnl_discount,24.67,4,T
2671,F,S,0,39461,N,22.226667,22.87,0.28,103.52,1,CC,FreeLocal,Standard,126.68,1,F
2673,F,S,0,89813.6,N,12.846667,14.94,1.96,149.26,0,CC,FreeLocal,Intnl_discount,166.18,4,F
2682,F,S,2,11251.1,Y,46,28.42,0,113.48,0,CC,FreeLocal,Standard,141.91,4,T
2696,F,M,2,11234.7,Y,49.046667,0.69,0,112.72,0,CC,Budget,Standard,113.42,4,F
2711,F,M,2,91861,Y,41.98,15.32,0,6.74,0,CC,Budget,Standard,22.06,1,F
2729,F,M,2,38215.9,N,30.886667,0,0,0.97,0,Auto,Budget,Standard,0.97,1,T
2731,F,M,2,49745.3,N,47.966667,2.84,0,24.44,0,CH,Budget,Intnl_discount,27.28,4,F
2733,F,M,2,88427,N,13.86,22.46,4.16,43.34,0,CC,Budget,Standard,69.97,2,F
2735,M,S,0,89142.7,N,32,3.76,8.13,5.01,0,CC,Budget,Intnl_discount,16.91,2,T
2738,F,S,0,32962.6,N,23,45,0,262.91,0,CC,Budget,Standard,265.78,1,T
2746,M,M,2,9309.57,Y,25.44,8.56,0,99.73,0,CC,FreeLocal,Standard,108.3,1,F
2751,F,S,0,77726.4,N,56.72,14,0,9.51,0,Auto,Budget,Intnl_discount,23.52,3,F
2771,F,M,2,36647.9,N,49.986667,21.41,0,85.96,0,CC,Budget,Intnl_discount,107.38,1,F
2772,F,S,0,64319.2,N,41.226667,3.01,0,37.15,0,CH,Budget,Intnl_discount,40.16,1,T
2780,F,M,0,2031.61,N,20.3,21.64,0,87.4,0,CC,Budget,Standard,109.04,1,T
2790,M,S,2,63152.6,Y,63.173333,29.93,0,40.07,0,CC,Budget,Intnl_discount,70.01,4,T
2795,F,M,0,27371.8,Y,43,16.14,0,126.55,0,CC,FreeLocal,Standard,142.7,4,F
2814,M,M,0,75004.5,N,64.8,26.52,0,32.19,0,CC,Budget,Intnl_discount,58.72,4,F
2827,F,S,1,37000,N,24.393333,23.56,0,206.08,0,CC,Budget,Intnl_discount,229.64,1,T
2833,M,M,2,53010.8,N,18.84,12.45,0,46.42,4,CC,FreeLocal,Standard,58.87,2,F
2837,M,M,0,19749.3,N,60.366667,20.22,0,13.94,0,CC,Budget,Standard,34.17,1,F
2840,F,M,2,47902,N,26.033333,17.44,4.94,49.92,1,Auto,FreeLocal,Standard,72.31,4,F
2854,M,M,0,92881.8,N,21.38,2.15,6.12,85.29,0,CC,FreeLocal,Standard,93.57,2,F
2865,F,S,1,94278.7,Y,53.12,26.68,0,9.67,0,CC,FreeLocal,Standard,36.35,4,F
2868,F,M,0,91708.4,N,37.293333,17.21,0,31.55,0,CH,Budget,Intnl_discount,48.77,4,F
2886,M,M,2,91272.2,Y,25.033333,26.99,0,13.01,0,CC,FreeLocal,Standard,40,2,T
2894,M,M,1,64792.3,N,52.146667,13.05,1.51,36.84,0,CH,FreeLocal,Standard,51.41,1,T
2908,M,M,2,57360.8,Y,53.253333,10.36,0,57.25,0,CC,FreeLocal,Standard,67.61,3,T
2917,F,M,0,68000,N,45.486667,29.64,0,90.18,4,Auto,FreeLocal,Intnl_discount,119.82,2,F
2924,F,M,2,65619.7,Y,55,13.56,0,144.66,0,CC,Budget,Standard,158.22,4,T
2926,F,D,1,85275,N,52,22.48,0,151.61,0,Auto,FreeLocal,Intnl_discount,174.09,3,T
2928,F,M,1,98453.6,Y,43,13.72,0,11.65,0,Auto,FreeLocal,Standard,25.38,4,T
2932,F,M,2,47639.1,N,42,17.48,0,39.62,0,CC,Budget,Intnl_discount,57.11,3,F
2937,F,S,0,89813.6,N,12.846667,14.94,1.96,149.26,0,CC,FreeLocal,Intnl_discount,166.18,4,T
2952,F,S,0,93454.3,Y,48.533333,18.94,0,25.18,0,Auto,FreeLocal,Standard,44.13,4,F
2975,F,M,2,91861,Y,41.98,15.32,0,6.74,0,CC,Budget,Standard,22.06,2,F
2979,F,M,2,69133.9,Y,26.833333,8.58,0,37.73,0,CH,FreeLocal,Standard,46.32,2,T
2981,F,M,2,84948,Y,29.446667,11.14,0,12.58,0,CH,FreeLocal,Intnl_discount,23.73,1,F
2984,M,S,0,15924.2,N,14.46,0,0,1.46,0,CH,FreeLocal,Standard,1.46,2,T
2997,F,M,2,88427,N,13.86,22.46,4.16,43.34,0,CC,Budget,Standard,69.97,4,F
2998,F,M,2,98003.7,Y,26.273333,1.03,0,83.39,0,CC,FreeLocal,Intnl_discount,84.42,4,F
2999,M,S,0,89142.7,N,53.693333,3.76,8.13,5.01,0,CC,Budget,Intnl_discount,16.91,1,F
3002,F,S,0,32962.6,N,24,42,0,262.91,0,CC,Budget,Standard,265.78,4,T
3009,M,M,1,66931.9,N,63.933333,11.72,0.39,5.35,0,CC,Budget,Standard,17.46,3,T
3028,F,S,0,15989.3,N,61.693333,3.67,0,25.49,1,CC,Budget,Intnl_discount,29.17,1,F
3039,F,M,2,16962.2,N,45.36,18.6,0,8.96,0,CC,Budget,Standard,27.57,2,T
3044,F,M,0,2031.61,N,20.3,21.64,0,87.4,0,CC,Budget,Standard,109.04,4,F
3053,M,S,1,24141.5,Y,17.006667,28.82,0,97.05,0,CC,FreeLocal,Standard,125.87,3,F
3059,F,M,0,27371.8,Y,70,16.14,0,126.55,0,CC,FreeLocal,Standard,142.7,1,T
3063,F,M,0,95405.7,N,46.506667,7.74,0,6.21,0,CC,Budget,Standard,13.96,4,F
3067,M,S,1,90478.6,N,54.553333,18.02,0,136.47,0,CC,FreeLocal,Standard,154.49,2,F
3071,F,S,1,41000,N,24.393333,23.56,0,206.08,0,CC,Budget,Intnl_discount,229.64,4,F
3108,F,S,2,28787.4,N,41.666667,27.97,0,58.09,0,Auto,Budget,Standard,86.06,2,F
3114,F,M,2,62061.8,Y,45.92,29.86,0,52.22,0,Auto,FreeLocal,Standard,82.08,1,F
3138,M,M,1,64792.3,N,52.146667,13.05,1.51,36.84,0,CH,FreeLocal,Standard,51.41,4,T
3144,M,M,0,76161.4,Y,44.573333,11.96,0,25.58,0,CC,FreeLocal,Standard,37.55,4,T
3145,F,M,2,55860,Y,14.573333,16.01,0,10.35,0,CC,FreeLocal,Intnl_discount,26.37,2,F
3155,F,S,2,14578.8,Y,60.933333,11.91,0,95.1,0,Auto,Budget,Standard,107.02,3,T
3156,F,M,2,87578.2,Y,53.366667,0.29,0,22.15,0,CC,Budget,Standard,22.44,3,F
3165,M,M,2,30665.2,Y,22.88,5.83,8.32,63.28,0,Auto,FreeLocal,Standard,77.44,1,F
3171,F,M,1,66921.4,Y,43,15.7,0,8.97,0,CC,FreeLocal,Intnl_discount,24.67,1,F
3174,F,S,2,57420,Y,48,25.18,0,252.53,1,Auto,Budget,Standard,277.72,1,F
3175,M,M,0,68000,N,67,3.93,3.73,26.69,1,CC,FreeLocal,Standard,34.35,4,T
3195,F,S,2,3416.62,Y,22.76,18.97,0,104.73,0,CC,Budget,Standard,123.7,3,T
3206,F,M,1,82931.3,N,64.64,19.24,0,118,0,Auto,FreeLocal,Standard,137.25,2,F
3209,F,S,2,21274,N,45.526667,10.87,0,32.43,0,Auto,FreeLocal,Standard,43.31,4,T
3219,F,M,2,91861,Y,41.98,15.32,0,6.74,0,CC,Budget,Standard,22.06,2,F
3237,F,M,2,38215.9,N,30.886667,0,0,0.97,0,Auto,Budget,Standard,0.97,1,F
3242,F,M,2,98003.7,Y,26.273333,1.03,0,83.39,0,CC,FreeLocal,Intnl_discount,84.42,1,F
3254,M,M,2,9309.57,Y,25.44,8.56,0,99.73,0,CC,FreeLocal,Standard,108.3,3,F
3268,F,M,2,64816.6,Y,31.126667,21,0,6.87,0,CC,Budget,Standard,27.87,2,F
3272,F,S,0,15989.3,N,61.693333,3.67,0,25.49,1,CC,Budget,Intnl_discount,29.17,2,T
3282,F,S,0,433.74,N,60.746667,3.3,0,40.91,0,CC,FreeLocal,Standard,44.22,2,T
3306,M,M,0,71472.9,N,41.913333,16.02,0,114.2,0,CH,Budget,Standard,130.22,4,T
3315,F,S,1,42000,N,24.393333,23.56,0,206.08,0,CC,Budget,Intnl_discount,229.64,3,T
3317,M,M,0,9780.66,N,24.546667,2.8,7.27,11.32,1,CC,FreeLocal,Standard,21.39,2,F
3321,M,M,2,53010.8,N,18.84,12.45,0,46.42,4,CC,FreeLocal,Standard,58.87,3,F
3336,F,S,1,13576.5,N,39.426667,14.83,0,25.66,0,CC,Budget,Standard,40.49,2,T
3350,M,S,0,74460.7,Y,55.34,25.53,0.99,179.93,0,CC,FreeLocal,Standard,206.46,4,T
3355,M,M,1,13091.6,N,59.126667,22.79,0,20.26,0,CC,Budget,Intnl_discount,43.06,2,F
3358,F,M,2,62061.8,Y,45.92,29.86,0,52.22,0,Auto,FreeLocal,Standard,82.08,3,F
3362,M,M,2,1765.41,N,18.766667,3.04,0,44.95,0,CC,FreeLocal,Standard,47.99,3,F
3399,F,S,2,14578.8,Y,60.933333,11.91,0,95.1,0,Auto,Budget,Standard,107.02,2,T
3400,F,M,2,87578.2,Y,53.366667,0.29,0,22.15,0,CC,Budget,Standard,22.44,4,F
3410,F,M,1,83287,Y,49,6.08,0,30.95,0,Auto,FreeLocal,Intnl_discount,37.04,3,F
3419,M,M,0,66000,N,41,3.93,3.73,26.69,1,CC,FreeLocal,Standard,34.35,1,T
3430,F,S,1,540.4,Y,39.213333,12.34,0,7.75,0,Auto,Budget,Intnl_discount,20.1,4,T
3448,F,M,2,11234.7,Y,49.046667,0.69,0,112.72,0,CC,Budget,Standard,113.42,4,F
3456,F,M,2,36725.1,N,55.793333,8.65,9.22,77,0,CH,Budget,Standard,94.88,4,F
3466,F,S,1,12374.9,Y,33.493333,17.49,0,106.1,0,Auto,FreeLocal,Standard,123.59,4,T
3485,F,M,2,88427,N,13.86,22.46,4.16,43.34,0,CC,Budget,Standard,69.97,2,F
3512,F,M,2,64816.6,Y,31.126667,21,0,6.87,0,CC,Budget,Standard,27.87,1,F
3516,F,S,0,15989.3,N,61.693333,3.67,0,25.49,1,CC,Budget,Intnl_discount,29.17,2,T
3523,F,M,2,36647.9,N,49.986667,21.41,0,85.96,0,CC,Budget,Intnl_discount,107.38,1,T
3572,F,M,2,47902,N,26.033333,17.44,4.94,49.92,1,Auto,FreeLocal,Standard,72.31,4,F
3573,M,M,1,7545.96,Y,16.753333,22.39,0,178.36,0,CC,Budget,Standard,200.75,4,T
3577,M,S,2,89459.9,N,53.28,11.54,1.61,22.9,0,CC,FreeLocal,Standard,36.05,3,T
3580,F,S,1,13576.5,N,39.426667,14.83,0,25.66,0,CC,Budget,Standard,40.49,3,T
3602,F,M,2,62061.8,Y,45.92,29.86,0,52.22,0,Auto,FreeLocal,Standard,82.08,2,F
3623,F,S,0,73228.3,N,43,22.47,0,28.11,0,Auto,Budget,Standard,50.58,3,F
3628,F,S,0,93322.1,Y,40.313333,29.92,0,8.79,0,CH,Budget,Intnl_discount,38.72,1,T
3641,M,M,0,92414.7,Y,45.513333,29.43,0,10.62,0,CC,FreeLocal,Standard,40.06,4,T
3644,F,M,2,87578.2,Y,53.366667,0.29,0,22.15,0,CC,Budget,Standard,22.44,1,F
3657,M,M,1,95620.3,Y,49.12,10.91,0,93.61,0,CC,Budget,Standard,104.53,3,T
3664,F,M,2,47639.1,N,61,17.48,0,39.62,0,CC,Budget,Intnl_discount,57.11,3,F
3674,F,S,1,540.4,Y,39.213333,12.34,0,7.75,0,Auto,Budget,Intnl_discount,20.1,4,T
3675,M,M,2,59613.1,N,34.32,12.37,0,163.41,0,CC,Budget,Intnl_discount,175.78,1,T
3686,M,M,2,59613.1,N,34.32,12.37,0,163.41,0,CC,Budget,Intnl_discount,175.78,2,T
3696,M,M,2,59613.1,N,34.32,12.37,0,163.41,0,CC,Budget,Intnl_discount,175.78,4,T
3705,M,D,1,84166.1,N,33,3.28,0,11.74,1,CC,Budget,Standard,15.02,2,F
3707,F,M,2,91861,Y,41.98,15.32,0,6.74,0,CC,Budget,Standard,22.06,1,F
3716,M,M,2,45429.7,Y,61.713333,24.7,0,73.04,0,CH,FreeLocal,Standard,97.74,3,T
3718,M,M,0,84166.1,N,54.013333,3.28,0,11.74,1,CC,Budget,Standard,15.02,1,T
3720,M,M,2,21416.5,N,35.653333,9.9,9.17,8.53,0,CC,FreeLocal,Intnl_discount,27.61,3,F
3727,F,M,2,49745.3,N,47.966667,2.84,0,24.44,0,CH,Budget,Intnl_discount,27.28,4,F
3729,F,M,2,88427,N,13.86,22.46,4.16,43.34,0,CC,Budget,Standard,69.97,3,F
3747,F,S,0,77726.4,N,56.72,14,0,9.51,0,Auto,Budget,Intnl_discount,23.52,1,F
3773,M,M,2,10708.3,N,26.026667,20.83,4.85,117.26,0,CH,Budget,Intnl_discount,142.95,1,F
3779,F,S,2,16938.5,N,42,13.35,0,8.76,0,CH,FreeLocal,Standard,22.11,2,F
3782,F,M,0,55221,N,46,0.49,0,15.2,0,CC,FreeLocal,Standard,15.69,1,F
3783,F,M,1,8073.11,N,47,28.7,0,60.35,0,Auto,FreeLocal,Standard,89.05,1,F
3784,M,M,1,95448.6,Y,53.68,24.24,0,5.21,0,CH,Budget,Standard,29.46,4,F
3794,M,M,0,71472.9,N,41.913333,16.02,0,114.2,0,CH,Budget,Standard,130.22,3,T
3808,M,S,2,96.33,N,56.473333,26.13,0,32.88,1,CC,Budget,Standard,59.01,1,F
3821,F,S,0,78851.3,N,48.373333,0.37,0,28.66,0,CC,FreeLocal,Standard,29.04,4,T
