ID,Gender,Status,Children,EstIncome,CarOwner,Age,International,Local,Paymethod,LocalBilltype,LongDistanceBilltype,Usage,RatePlan,LongDistance,Dropped,IncomeGroup,CallerType,CHURN
17,M,M,2,53010.8,N,18.84,0.0,46.42,CC,FreeLocal,Standard,58.87,1,12.45,4,Income_Group_3,Domestic,F
21,M,M,0,19749.3,N,60.366667,0.0,13.94,CC,Budget,Standard,34.17,3,20.22,6,Income_Group_1,Domestic,F
22,M,S,1,57626.9,Y,43.906667,0.0,38.96,CC,Budget,Standard,48.35,2,9.38,1,Income_Group_3,Domestic,F
23,M,M,2,20078.0,N,32.846667,0.0,6.33,CC,Budget,Intnl_discount,15.98,4,9.65,1,Income_Group_1,Domestic,F
35,F,S,0,78851.3,N,48.373333,0.0,28.66,CC,FreeLocal,Standard,29.04,4,0.37,1,Income_Group_4,Domestic,T
42,F,M,2,5237.63,N,48.753333,8.05,56.64,CC,Budget,Standard,78.02,2,13.32,1,Income_Group_1,Both,F
53,F,M,1,57063.0,Y,52.333333,0.0,81.3,CH,Budget,Standard,98.1,4,16.79,0,Income_Group_3,Domestic,F
75,F,S,0,68427.4,N,42.393333,0.0,50.05,Auto,FreeLocal,Standard,73.81,3,23.76,8,Income_Group_3,Domestic,F
85,F,M,1,77129.1,Y,61.846667,0.0,20.07,CH,FreeLocal,Intnl_discount,44.85,4,24.77,0,Income_Group_4,Domestic,F
86,F,M,2,8204.72,N,52.973333,0.0,24.19,CH,FreeLocal,Standard,39.79,3,15.59,0,Income_Group_1,Domestic,F
90,M,S,0,64136.6,Y,61.106667,1.0,125.15,CC,FreeLocal,Intnl_discount,142.37,2,16.21,0,Income_Group_3,Both,T
96,F,M,0,38538.4,N,12.326667,8.32,16.48,CC,FreeLocal,Standard,47.66,3,22.86,0,Income_Group_2,Both,T
104,M,S,2,43634.5,N,21.78,9.42,104.64,CC,Budget,Standard,143.5,1,29.44,0,Income_Group_2,Both,T
111,M,S,0,74460.7,Y,55.34,0.99,179.93,CC,FreeLocal,Standard,206.46,2,25.53,0,Income_Group_4,Both,T
124,M,M,2,1765.41,N,18.766667,0.0,44.95,CC,FreeLocal,Standard,47.99,4,3.04,1,Income_Group_1,Domestic,F
203,F,M,2,48238.8,N,34.706667,0.0,168.03,CC,FreeLocal,Standard,191.32,4,23.28,1,Income_Group_3,Domestic,F
215,M,M,1,69680.9,N,15.846667,0.0,32.12,CC,FreeLocal,Intnl_discount,39.8,2,7.67,2,Income_Group_3,Domestic,F
224,F,M,2,69343.3,N,42.166667,0.0,15.54,CC,FreeLocal,Standard,21.91,2,6.36,6,Income_Group_3,Domestic,F
228,F,M,0,14932.5,N,52.0,0.0,6.5,CC,Budget,Intnl_discount,11.42,1,4.91,1,Income_Group_1,Domestic,F
237,F,M,2,194.57,N,42.0,0.0,38.95,CC,FreeLocal,Standard,67.21,4,28.26,2,Income_Group_1,Domestic,F
238,F,M,1,98680.4,Y,55.0,0.0,8.85,CH,FreeLocal,Intnl_discount,26.44,4,17.58,1,Income_Group_5,Domestic,F
244,F,M,2,94026.8,Y,27.746667,0.0,10.62,CC,FreeLocal,Intnl_discount,35.63,3,25.0,0,Income_Group_4,Domestic,F
246,F,S,2,57420.0,Y,61.0,0.0,252.53,Auto,Budget,Standard,277.72,2,25.18,1,Income_Group_3,Domestic,F
247,M,M,0,77000.0,N,44.0,3.73,26.69,CH,FreeLocal,Standard,34.35,4,3.93,1,Income_Group_4,Both,T
249,M,M,2,47639.1,N,48.0,0.0,39.62,CC,Budget,Intnl_discount,57.11,4,17.48,0,Income_Group_2,Domestic,F
257,F,S,1,68000.0,N,60.0,0.0,63.29,Auto,FreeLocal,Standard,86.12,3,22.82,1,Income_Group_3,Domestic,F
276,F,M,2,60485.5,N,41.666667,0.0,28.7,Auto,Budget,Intnl_discount,40.41,1,11.7,0,Income_Group_3,Domestic,F
279,F,M,2,809.43,Y,31.913333,0.0,2.89,CH,FreeLocal,Intnl_discount,2.89,1,0.0,1,Income_Group_1,Domestic,F
291,M,S,1,71329.9,Y,42.233333,3.55,45.92,CC,Budget,Standard,63.75,3,14.27,0,Income_Group_3,Both,T
298,F,S,1,540.4,Y,39.213333,0.0,7.75,Auto,Budget,Intnl_discount,20.1,4,12.34,0,Income_Group_1,Domestic,T
310,F,S,0,32098.0,N,22.433333,8.28,75.27,CH,Budget,Intnl_discount,106.53,2,22.96,2,Income_Group_2,Both,T
312,F,M,2,80087.7,N,41.92,0.0,22.82,CC,FreeLocal,Standard,31.56,4,8.74,6,Income_Group_4,Domestic,F
313,F,M,2,59691.3,N,38.04,0.0,256.7,CC,Budget,Standard,278.65,2,21.94,1,Income_Group_3,Domestic,F
317,M,M,0,70908.7,N,49.62,4.55,43.2,CC,FreeLocal,Standard,55.47,4,7.7,1,Income_Group_3,Both,T
337,M,M,0,5745.0,Y,15.38,0.0,17.71,CC,FreeLocal,Standard,44.11,1,26.4,0,Income_Group_1,Domestic,T
339,F,S,0,92564.1,Y,49.133333,0.0,51.68,Auto,FreeLocal,Standard,74.86,3,23.17,0,Income_Group_4,Domestic,F
353,F,M,0,14573.6,N,64.606667,0.0,236.97,CC,Budget,Standard,263.58,4,26.61,0,Income_Group_1,Domestic,F
356,F,S,0,17138.2,N,63.786667,0.0,84.67,CC,FreeLocal,Intnl_discount,104.69,3,20.01,0,Income_Group_1,Domestic,T
384,M,S,0,83287.0,N,45.486667,5.24,35.73,CC,Budget,Standard,70.7,2,29.73,0,Income_Group_4,Both,T
389,F,M,2,57483.9,N,44.026667,0.0,27.29,CH,Budget,Standard,44.3,2,17.01,0,Income_Group_3,Domestic,F
404,F,S,1,12374.9,Y,33.493333,0.0,106.1,Auto,FreeLocal,Standard,123.59,3,17.49,0,Income_Group_1,Domestic,T
418,M,M,2,78554.2,N,16.7,7.26,23.03,Auto,Budget,Standard,35.88,3,5.59,0,Income_Group_4,Both,F
419,M,S,1,3960.5,N,14.693333,0.0,66.35,Auto,FreeLocal,Standard,96.13,2,29.78,2,Income_Group_1,Domestic,T
423,F,M,1,13829.4,N,22.0,0.0,160.42,CC,FreeLocal,Standard,176.61,1,28.0,1,Income_Group_1,Domestic,T
424,F,M,2,49745.3,N,47.966667,0.0,24.44,CH,Budget,Intnl_discount,27.28,3,2.84,1,Income_Group_3,Domestic,F
431,F,S,0,35000.0,N,23.0,0.0,262.91,CC,Budget,Standard,265.78,3,30.0,1,Income_Group_2,Domestic,T
458,F,S,1,2929.13,N,53.506667,0.0,88.23,CH,Budget,Intnl_discount,102.23,1,14.0,2,Income_Group_1,Domestic,T
465,M,M,0,96681.0,Y,19.76,7.66,40.92,CC,Budget,Standard,73.76,2,7.0,1,Income_Group_5,Both,F
467,M,S,0,80221.2,N,29.026667,0.0,49.56,Auto,FreeLocal,Standard,50.48,2,9.0,0,Income_Group_4,Domestic,F
468,M,S,0,84479.2,N,30.0,0.0,43.01,CC,FreeLocal,Standard,56.23,2,7.0,0,Income_Group_4,Domestic,F
479,F,M,2,16962.2,N,45.36,0.0,8.96,CC,Budget,Standard,27.57,2,18.6,0,Income_Group_1,Domestic,F
488,F,S,2,16938.5,N,55.0,0.0,8.76,CH,FreeLocal,Standard,22.11,2,13.35,0,Income_Group_1,Domestic,F
497,M,S,2,72084.7,N,55.64,0.0,9.02,CC,Budget,Intnl_discount,38.13,1,29.11,0,Income_Group_4,Domestic,F
518,M,M,2,29616.0,N,49.426667,0.0,45.5,CH,FreeLocal,Standard,75.29,1,29.78,0,Income_Group_2,Domestic,F
529,M,M,2,53010.8,N,18.84,0.0,46.42,CC,FreeLocal,Standard,58.87,1,12.45,4,Income_Group_3,Domestic,F
557,M,S,2,89459.9,N,53.28,1.61,22.9,CC,FreeLocal,Standard,36.05,3,11.54,1,Income_Group_4,Both,T
560,F,S,1,13576.5,N,39.426667,0.0,25.66,CC,Budget,Standard,40.49,4,14.83,1,Income_Group_1,Domestic,T
580,F,S,2,9559.78,N,51.38,0.0,59.59,CC,FreeLocal,Standard,77.91,3,18.31,5,Income_Group_1,Domestic,T
585,F,M,2,83284.1,Y,28.42,0.0,9.04,Auto,FreeLocal,Intnl_discount,35.96,3,26.91,0,Income_Group_4,Domestic,F
587,F,D,1,68427.4,N,42.393333,0.0,50.05,Auto,FreeLocal,Standard,73.81,4,23.76,2,Income_Group_3,Domestic,F
591,F,S,0,98716.3,N,55.66,8.23,13.92,CC,FreeLocal,Standard,43.13,4,20.97,1,Income_Group_5,Both,T
598,F,M,2,8204.72,N,52.973333,0.0,24.19,CH,FreeLocal,Standard,39.79,4,15.59,1,Income_Group_1,Domestic,F
620,F,S,1,13109.1,N,62.606667,0.0,40.48,Auto,Budget,Standard,62.87,4,22.38,0,Income_Group_1,Domestic,T
650,M,M,0,47870.8,Y,27.26,1.17,12.48,CC,FreeLocal,Standard,13.82,2,2.0,0,Income_Group_2,Both,F
652,F,S,0,7325.5,N,36.92,0.0,161.54,CC,FreeLocal,Intnl_discount,190.06,2,28.52,0,Income_Group_1,Domestic,T
672,F,S,0,73228.3,N,43.0,0.0,28.11,Auto,Budget,Standard,50.58,2,22.47,8,Income_Group_4,Domestic,F
690,M,M,2,49910.7,Y,51.52,0.0,23.72,CC,Budget,Standard,51.14,1,27.42,0,Income_Group_3,Domestic,F
704,M,M,1,60102.7,N,42.14,0.0,62.44,CH,FreeLocal,Standard,72.29,4,9.84,1,Income_Group_3,Domestic,T
725,F,S,0,30763.8,Y,14.193333,0.0,35.85,CC,Budget,Standard,57.17,4,21.32,2,Income_Group_2,Domestic,T
741,F,S,0,27498.1,N,52.646667,0.0,9.88,CC,Budget,Intnl_discount,12.08,4,2.2,0,Income_Group_2,Domestic,F
749,F,M,2,194.57,N,47.0,0.0,38.95,CC,FreeLocal,Standard,67.21,2,28.26,0,Income_Group_1,Domestic,F
756,F,M,2,94026.8,Y,27.746667,0.0,10.62,CC,FreeLocal,Intnl_discount,35.63,2,25.0,0,Income_Group_4,Domestic,F
758,F,S,2,57420.0,Y,55.0,0.0,252.53,Auto,Budget,Standard,277.72,4,25.18,3,Income_Group_3,Domestic,F
777,F,M,2,85394.0,Y,20.16,2.02,14.38,Auto,Budget,Intnl_discount,35.69,2,19.28,3,Income_Group_4,Both,F
778,F,S,0,2121.36,N,39.786667,0.0,36.78,CC,FreeLocal,Standard,38.8,3,2.02,7,Income_Group_1,Domestic,T
779,F,M,2,63566.1,Y,56.3,0.0,65.09,CH,Budget,Intnl_discount,73.03,4,7.94,1,Income_Group_3,Domestic,F
782,F,S,0,89813.6,N,12.846667,1.96,149.26,CC,FreeLocal,Intnl_discount,166.18,4,14.94,1,Income_Group_4,Both,F
803,M,S,1,71329.9,Y,42.233333,3.55,45.92,CC,Budget,Standard,63.75,3,14.27,0,Income_Group_3,Both,T
810,F,S,1,540.4,Y,39.213333,0.0,7.75,Auto,Budget,Intnl_discount,20.1,3,12.34,6,Income_Group_1,Domestic,T
825,F,M,2,59691.3,N,38.04,0.0,256.7,CC,Budget,Standard,278.65,1,21.94,2,Income_Group_3,Domestic,F
829,M,M,1,70908.7,N,49.62,4.55,43.2,CC,FreeLocal,Standard,55.47,1,7.7,0,Income_Group_3,Both,T
846,M,M,0,73400.0,Y,53.213333,0.0,25.62,CC,FreeLocal,Standard,40.9,2,15.27,0,Income_Group_4,Domestic,T
849,M,M,0,5745.0,Y,15.38,0.0,17.71,CC,FreeLocal,Standard,44.11,1,26.4,0,Income_Group_1,Domestic,T
862,F,M,2,69486.8,N,30.946667,0.0,9.39,CC,Budget,Standard,17.11,3,7.72,1,Income_Group_3,Domestic,F
867,F,S,2,8392.14,Y,36.68,7.33,54.8,CH,Budget,Intnl_discount,87.16,1,25.03,1,Income_Group_1,Both,T
887,F,M,2,11234.7,Y,49.046667,0.0,112.72,CC,Budget,Standard,113.42,2,0.69,0,Income_Group_1,Domestic,F
895,F,M,2,63670.8,Y,46.146667,0.0,51.47,Auto,FreeLocal,Standard,78.87,3,27.39,0,Income_Group_3,Domestic,F
900,F,M,1,82931.3,N,64.64,0.0,118.0,Auto,FreeLocal,Standard,137.25,1,19.24,5,Income_Group_4,Domestic,F
926,M,D,1,21416.5,N,35.653333,9.17,8.53,CC,FreeLocal,Intnl_discount,27.61,2,9.9,1,Income_Group_1,Both,F
931,M,S,1,3960.5,N,14.693333,0.0,66.35,Auto,FreeLocal,Standard,96.13,2,29.78,1,Income_Group_1,Domestic,T
936,F,M,2,49745.3,N,47.966667,0.0,24.44,CH,Budget,Intnl_discount,27.28,2,2.84,2,Income_Group_3,Domestic,F
941,F,S,0,74530.8,N,63.086667,0.49,106.5,Auto,FreeLocal,Intnl_discount,127.89,3,20.89,0,Income_Group_4,Both,F
943,F,S,0,40120.0,N,22.0,0.0,262.91,CC,Budget,Standard,265.78,3,30.0,2,Income_Group_2,Domestic,T
952,F,M,1,40120.0,N,22.0,0.0,26.78,Auto,FreeLocal,Intnl_discount,48.08,4,26.0,1,Income_Group_2,Domestic,T
954,F,S,0,40120.0,N,24.0,0.0,61.44,CC,Budget,Standard,65.79,2,26.0,1,Income_Group_2,Domestic,T
957,F,S,2,40120.0,N,22.0,2.22,38.18,CC,FreeLocal,Standard,62.95,2,37.0,1,Income_Group_2,Both,T
1000,F,S,2,16938.5,N,52.0,0.0,8.76,CH,FreeLocal,Standard,22.11,3,13.35,1,Income_Group_1,Domestic,F
1003,F,M,0,55221.0,N,43.0,0.0,15.2,CC,FreeLocal,Standard,15.69,1,0.49,8,Income_Group_3,Domestic,F
1007,M,S,2,63152.6,Y,63.173333,0.0,40.07,CC,Budget,Intnl_discount,70.01,1,29.93,0,Income_Group_3,Domestic,F
1008,M,S,1,31952.0,N,34.266667,0.0,4.87,CC,Budget,Standard,4.87,2,0.0,2,Income_Group_2,Domestic,F
1018,F,S,0,95786.8,Y,52.646667,0.0,87.46,CC,Budget,Standard,108.79,1,21.33,0,Income_Group_4,Domestic,F
1035,M,S,2,96.33,N,56.473333,0.0,32.88,CC,Budget,Standard,59.01,3,26.13,2,Income_Group_1,Domestic,F
1046,M,S,1,57626.9,Y,43.906667,0.0,38.96,CC,Budget,Standard,48.35,1,9.38,8,Income_Group_3,Domestic,F
1053,M,M,1,7545.96,Y,16.753333,0.0,178.36,CC,Budget,Standard,200.75,2,22.39,1,Income_Group_1,Domestic,T
1059,F,S,0,78851.3,N,48.373333,0.0,28.66,CC,FreeLocal,Standard,29.04,3,0.37,0,Income_Group_4,Domestic,F
1061,F,M,0,83891.9,Y,61.02,0.0,45.47,CH,Budget,Standard,74.4,4,28.92,0,Income_Group_4,Domestic,T
1069,M,S,2,89459.9,N,53.28,1.61,22.9,CC,FreeLocal,Standard,36.05,2,11.54,0,Income_Group_4,Both,T
1078,F,M,2,84166.1,N,54.013333,0.0,11.74,CC,Budget,Standard,15.02,1,3.28,1,Income_Group_4,Domestic,T
1097,F,M,2,83284.1,Y,28.42,0.0,9.04,Auto,FreeLocal,Intnl_discount,35.96,3,26.91,0,Income_Group_4,Domestic,F
1103,F,S,0,98716.3,N,55.66,8.23,13.92,CC,FreeLocal,Standard,43.13,4,20.97,1,Income_Group_5,Both,T
1105,F,M,2,84789.3,N,50.433333,8.8,10.45,CH,FreeLocal,Standard,33.47,4,14.22,8,Income_Group_4,Both,T
1107,F,M,2,35976.5,Y,48.853333,0.0,31.78,Auto,FreeLocal,Intnl_discount,50.63,4,18.85,1,Income_Group_2,Domestic,T
1112,F,M,0,80405.1,N,60.226667,8.95,17.11,CC,FreeLocal,Standard,28.98,4,2.91,0,Income_Group_4,Both,F
1113,F,S,2,38280.0,N,33.74,0.0,74.97,Auto,FreeLocal,Intnl_discount,86.61,2,11.64,0,Income_Group_2,Domestic,F
1114,M,S,0,64136.6,Y,61.106667,1.0,125.15,CC,FreeLocal,Intnl_discount,142.37,1,16.21,0,Income_Group_3,Both,T
1116,F,M,2,45429.7,Y,61.713333,0.0,73.04,CH,FreeLocal,Standard,97.74,2,24.7,0,Income_Group_2,Domestic,T
1138,F,S,2,28787.4,N,41.666667,0.0,58.09,Auto,Budget,Standard,86.06,1,27.97,0,Income_Group_2,Domestic,T
1145,F,M,1,20550.9,Y,22.12,0.86,57.06,CC,Budget,Standard,85.64,1,27.72,2,Income_Group_1,Both,T
1151,F,S,2,19131.1,N,56.186667,0.0,34.91,Auto,Budget,Standard,57.07,2,22.15,1,Income_Group_1,Domestic,T
1160,M,M,2,22358.1,N,52.626667,1.52,12.19,CC,Budget,Standard,29.25,3,15.54,2,Income_Group_1,Both,F
1172,M,M,2,91272.2,Y,25.033333,0.0,13.01,CC,FreeLocal,Standard,40.0,1,26.99,1,Income_Group_4,Domestic,F
1190,M,M,1,64792.3,N,52.146667,1.51,36.84,CH,FreeLocal,Standard,51.41,1,13.05,0,Income_Group_3,Both,T
1206,F,S,1,12686.0,N,64.8,0.0,80.64,Auto,Budget,Standard,103.88,4,23.23,1,Income_Group_1,Domestic,T
1214,M,M,2,57360.8,Y,53.253333,0.0,57.25,CC,FreeLocal,Standard,67.61,1,10.36,2,Income_Group_3,Domestic,F
1222,F,S,2,14578.8,Y,60.933333,0.0,95.1,Auto,Budget,Standard,107.02,1,11.91,2,Income_Group_1,Domestic,T
1225,M,M,0,78572.2,Y,42.346667,0.0,29.28,CC,FreeLocal,Standard,51.09,1,21.81,2,Income_Group_4,Domestic,T
1239,M,M,1,69680.9,N,15.846667,0.0,32.12,CC,FreeLocal,Intnl_discount,39.8,2,7.67,0,Income_Group_3,Domestic,F
1246,M,S,0,78000.0,N,46.0,7.66,8.49,CC,Budget,Standard,20.74,4,4.58,0,Income_Group_4,Both,T
1253,F,S,0,27498.1,N,70.0,0.0,9.88,CC,Budget,Intnl_discount,12.08,2,2.2,0,Income_Group_2,Domestic,F
1256,F,M,2,30665.2,Y,22.88,8.32,63.28,Auto,FreeLocal,Standard,77.44,3,5.83,0,Income_Group_2,Both,F
1258,F,M,2,50561.3,N,62.0,0.0,113.31,CH,Budget,Standard,129.91,3,16.6,1,Income_Group_3,Domestic,F
1264,F,M,1,95620.3,Y,41.0,0.0,93.61,CC,Budget,Standard,104.53,3,10.91,8,Income_Group_4,Domestic,F
1265,F,D,1,85275.0,N,70.0,0.0,151.61,Auto,FreeLocal,Intnl_discount,174.09,3,22.48,1,Income_Group_4,Domestic,F
1266,F,M,1,66921.4,Y,61.0,0.0,8.97,CC,FreeLocal,Intnl_discount,24.67,3,15.7,2,Income_Group_3,Domestic,F
1274,F,M,2,63234.5,Y,52.36,0.0,1.16,CH,FreeLocal,Intnl_discount,1.16,4,0.0,0,Income_Group_3,Domestic,F
1278,F,M,2,18296.4,Y,42.626667,0.0,10.39,CC,FreeLocal,Standard,10.47,1,0.08,0,Income_Group_1,Domestic,F
1284,F,M,2,52957.0,Y,39.746667,0.0,125.52,CH,FreeLocal,Standard,151.32,4,25.79,2,Income_Group_3,Domestic,F
1285,F,S,2,86747.1,N,64.853333,0.0,37.24,Auto,Budget,Standard,57.4,3,20.15,0,Income_Group_4,Domestic,F
1288,M,S,2,20919.0,N,55.0,4.92,153.36,CC,FreeLocal,Intnl_discount,164.54,1,6.26,6,Income_Group_1,Both,F
1293,F,S,1,58328.8,N,65.0,0.0,123.88,CC,FreeLocal,Standard,131.25,3,7.37,1,Income_Group_3,Domestic,F
1312,M,M,0,78894.2,N,52.74,1.41,43.23,CH,Budget,Intnl_discount,46.65,3,2.0,1,Income_Group_4,Both,T
1322,F,S,1,540.4,Y,39.213333,0.0,7.75,Auto,Budget,Intnl_discount,20.1,4,12.34,0,Income_Group_1,Domestic,T
1323,F,M,0,57255.4,N,27.0,1.98,78.37,CC,FreeLocal,Standard,107.41,1,27.05,1,Income_Group_3,Both,T
1332,F,S,0,5185.31,N,62.053333,5.99,30.51,CC,FreeLocal,Intnl_discount,52.9,3,16.39,0,Income_Group_1,Both,T
1333,F,S,0,42000.0,N,16.06,0.0,108.44,CC,Budget,Standard,134.45,2,26.01,0,Income_Group_2,Domestic,T
1353,F,M,1,56722.8,N,60.593333,6.21,51.17,CC,FreeLocal,Standard,74.77,4,17.37,1,Income_Group_3,Both,T
1355,M,M,1,80000.0,N,39.0,0.0,3.22,CC,Budget,Intnl_discount,3.22,2,0.0,2,Income_Group_4,Domestic,F
1357,F,M,0,73069.1,Y,55.633333,0.0,10.22,Auto,Budget,Standard,10.39,4,0.17,0,Income_Group_4,Domestic,F
1361,M,M,0,5745.0,Y,15.38,0.0,17.71,CC,FreeLocal,Standard,44.11,3,26.4,0,Income_Group_1,Domestic,T
1363,F,S,0,92564.1,Y,49.133333,0.0,51.68,Auto,FreeLocal,Standard,74.86,1,23.17,0,Income_Group_4,Domestic,F
1365,M,S,0,70000.0,Y,48.0,3.14,82.19,CH,Budget,Intnl_discount,90.25,3,4.91,0,Income_Group_3,Both,T
1373,F,S,0,919.93,N,38.26,0.0,93.42,CH,Budget,Standard,120.71,2,27.28,0,Income_Group_1,Domestic,T
1374,F,M,2,69486.8,N,30.946667,0.0,9.39,CC,Budget,Standard,17.11,1,7.72,1,Income_Group_3,Domestic,F
1398,F,M,1,35000.0,N,22.0,0.0,8.84,CH,FreeLocal,Standard,34.61,3,27.0,1,Income_Group_2,Domestic,T
1399,F,M,2,11234.7,Y,49.046667,0.0,112.72,CC,Budget,Standard,113.42,3,0.69,0,Income_Group_1,Domestic,F
1401,F,M,2,36660.9,Y,39.96,0.0,3.36,CH,Budget,Intnl_discount,3.36,3,0.0,1,Income_Group_2,Domestic,F
1407,F,M,2,63670.8,Y,46.146667,0.0,51.47,Auto,FreeLocal,Standard,78.87,2,27.39,0,Income_Group_3,Domestic,F
1408,M,S,0,66666.0,N,77.0,5.24,35.73,CC,Budget,Standard,70.7,3,29.73,0,Income_Group_3,Both,T
1409,F,S,1,77000.0,Y,45.486667,0.0,100.08,Auto,Budget,Standard,120.53,2,20.44,0,Income_Group_4,Domestic,F
1451,F,M,2,98003.7,Y,26.273333,0.0,83.39,CC,FreeLocal,Intnl_discount,84.42,1,1.03,0,Income_Group_5,Domestic,F
1453,F,S,0,74530.8,N,63.086667,0.49,106.5,Auto,FreeLocal,Intnl_discount,127.89,2,20.89,6,Income_Group_4,Both,F
1463,F,S,0,40120.0,Y,23.0,0.0,99.73,CC,FreeLocal,Standard,108.3,4,32.0,2,Income_Group_2,Domestic,T
1480,F,M,2,98217.1,N,44.98,0.0,13.24,CC,FreeLocal,Standard,42.74,4,29.49,0,Income_Group_5,Domestic,F
1532,M,S,0,90321.6,N,55.113333,0.0,11.52,CC,FreeLocal,Intnl_discount,12.39,3,0.87,0,Income_Group_4,Domestic,T
1534,F,M,2,56187.0,N,55.0,0.0,13.74,CH,Budget,Standard,21.83,1,8.09,1,Income_Group_3,Domestic,F
1542,M,M,2,29616.0,N,49.426667,0.0,45.5,CH,FreeLocal,Standard,75.29,1,29.78,1,Income_Group_2,Domestic,F
1571,F,S,0,78851.3,N,48.373333,0.0,28.66,CC,FreeLocal,Standard,29.04,4,0.37,0,Income_Group_4,Domestic,T
1578,F,M,2,5237.63,N,48.753333,8.05,56.64,CC,Budget,Standard,78.02,3,13.32,0,Income_Group_1,Both,F
1589,F,M,1,57063.0,Y,52.333333,0.0,81.3,CH,Budget,Standard,98.1,4,16.79,6,Income_Group_3,Domestic,F
1609,F,M,2,83284.1,Y,28.42,0.0,9.04,Auto,FreeLocal,Intnl_discount,35.96,3,26.91,1,Income_Group_4,Domestic,F
1613,M,S,0,3601.71,N,49.266667,4.19,111.84,Auto,Budget,Intnl_discount,125.6,4,9.57,5,Income_Group_1,Both,T
1615,F,S,0,98716.3,N,55.66,8.23,13.92,CC,FreeLocal,Standard,43.13,4,20.97,0,Income_Group_5,Both,T
1617,F,M,2,84789.3,N,50.433333,8.8,10.45,CH,FreeLocal,Standard,33.47,4,14.22,0,Income_Group_4,Both,T
1619,F,M,2,35976.5,Y,48.853333,0.0,31.78,Auto,FreeLocal,Intnl_discount,50.63,4,18.85,2,Income_Group_2,Domestic,T
1620,F,M,0,32703.1,Y,64.92,0.0,56.09,CC,Budget,Intnl_discount,72.89,4,16.8,6,Income_Group_2,Domestic,F
1626,M,S,0,64136.6,Y,61.106667,1.0,125.15,CC,FreeLocal,Intnl_discount,142.37,1,16.21,2,Income_Group_3,Both,T
1628,F,M,2,45429.7,Y,61.713333,0.0,73.04,CH,FreeLocal,Standard,97.74,3,24.7,1,Income_Group_2,Domestic,T
1632,F,M,0,38538.4,N,12.326667,8.32,16.48,CC,FreeLocal,Standard,47.66,1,22.86,1,Income_Group_2,Both,T
1640,M,S,2,43634.5,N,21.78,9.42,104.64,CC,Budget,Standard,143.5,3,29.44,1,Income_Group_2,Both,T
1644,F,S,1,13109.1,N,62.606667,0.0,40.48,Auto,Budget,Standard,62.87,2,22.38,0,Income_Group_1,Domestic,T
1646,M,S,2,21021.6,Y,62.753333,0.0,11.19,CC,Budget,Standard,14.95,2,2.0,0,Income_Group_1,Domestic,F
1650,F,S,2,28787.4,N,41.666667,0.0,58.09,Auto,Budget,Standard,86.06,1,27.97,0,Income_Group_2,Domestic,T
1656,F,M,2,62061.8,Y,45.92,0.0,52.22,Auto,FreeLocal,Standard,82.08,2,29.86,0,Income_Group_3,Domestic,F
1671,F,S,2,2842.55,N,45.92,0.0,0.79,Auto,Budget,Intnl_discount,0.79,3,0.0,0,Income_Group_1,Domestic,T
1677,M,M,1,63900.9,N,28.333333,0.0,39.04,CC,Budget,Standard,47.4,2,8.36,0,Income_Group_3,Domestic,F
1678,M,M,2,28766.9,N,46.84,0.0,58.08,CC,Budget,Standard,64.2,3,6.11,0,Income_Group_2,Domestic,F
1702,M,M,1,64792.3,N,52.146667,1.51,36.84,CH,FreeLocal,Standard,51.41,3,13.05,1,Income_Group_3,Both,T
1718,F,S,1,12686.0,N,64.8,0.0,80.64,Auto,Budget,Standard,103.88,3,23.23,0,Income_Group_1,Domestic,T
1737,M,M,0,78572.2,Y,42.346667,0.0,29.28,CC,FreeLocal,Standard,51.09,2,21.81,1,Income_Group_4,Domestic,T
1757,M,M,1,2067.82,N,47.853333,0.0,70.65,CC,Budget,Intnl_discount,85.9,3,15.25,1,Income_Group_1,Domestic,F
1758,M,S,0,68000.0,N,63.353333,7.66,8.49,CC,Budget,Standard,20.74,4,4.58,1,Income_Group_3,Both,T
1765,F,S,0,27498.1,N,43.0,0.0,9.88,CC,Budget,Intnl_discount,12.08,1,2.2,2,Income_Group_2,Domestic,F
1768,M,M,2,30665.2,Y,22.88,8.32,63.28,Auto,FreeLocal,Standard,77.44,4,5.83,0,Income_Group_2,Both,F
1778,F,M,1,66921.4,Y,52.646667,0.0,8.97,CC,FreeLocal,Intnl_discount,24.67,4,15.7,0,Income_Group_3,Domestic,F
1783,M,M,0,68000.0,N,49.0,3.73,26.69,CC,FreeLocal,Standard,34.35,4,3.93,1,Income_Group_3,Both,T
1785,M,M,2,47639.1,N,43.0,0.0,39.62,CC,Budget,Intnl_discount,57.11,1,17.48,0,Income_Group_2,Domestic,F
1796,F,M,2,52957.0,Y,39.746667,0.0,125.52,CH,FreeLocal,Standard,151.32,4,25.79,2,Income_Group_3,Domestic,F
1797,F,S,2,86747.1,N,64.853333,0.0,37.24,Auto,Budget,Standard,57.4,1,20.15,0,Income_Group_4,Domestic,F
1803,F,M,2,63566.1,Y,56.3,0.0,65.09,CH,Budget,Intnl_discount,73.03,3,7.94,1,Income_Group_3,Domestic,F
1816,M,S,1,76529.8,N,58.28,5.36,20.05,CC,Budget,Standard,43.89,1,18.46,0,Income_Group_4,Both,T
1821,F,M,0,98056.3,N,55.966667,0.0,126.96,Auto,FreeLocal,Standard,150.67,4,23.7,0,Income_Group_5,Domestic,F
1834,F,S,1,540.4,Y,39.213333,0.0,7.75,Auto,Budget,Intnl_discount,20.1,2,12.34,0,Income_Group_1,Domestic,T
1840,M,M,1,75799.9,N,46.38,7.02,64.8,CC,FreeLocal,Intnl_discount,94.06,2,22.24,2,Income_Group_4,Both,T
1844,F,S,0,5185.31,N,62.053333,5.99,30.51,CC,FreeLocal,Intnl_discount,52.9,1,16.39,0,Income_Group_1,Both,T
1851,F,S,2,11251.1,Y,47.0,0.0,113.48,CC,FreeLocal,Standard,141.91,4,28.42,1,Income_Group_1,Domestic,T
1862,M,M,0,69000.0,Y,52.266667,0.0,62.81,CH,Budget,Standard,92.37,3,29.55,8,Income_Group_3,Domestic,T
1870,M,M,1,80000.0,Y,53.213333,0.0,25.62,CC,FreeLocal,Standard,40.9,3,15.27,5,Income_Group_4,Domestic,T
1871,F,M,2,8032.16,N,45.666667,0.0,59.08,CC,FreeLocal,Standard,88.77,1,29.68,0,Income_Group_1,Domestic,F
1872,F,D,1,93454.3,Y,48.533333,0.0,25.18,Auto,FreeLocal,Standard,44.13,4,18.94,0,Income_Group_4,Domestic,F
1875,F,S,0,92564.1,Y,49.133333,0.0,51.68,Auto,FreeLocal,Standard,74.86,3,23.17,2,Income_Group_4,Domestic,F
1897,M,M,1,69406.7,Y,46.826667,7.21,128.1,CC,FreeLocal,Standard,142.23,4,6.9,2,Income_Group_3,Both,T
1902,M,M,1,20818.5,N,12.68,6.29,47.85,Auto,FreeLocal,Standard,63.28,2,9.13,0,Income_Group_1,Both,F
1906,F,M,2,2185.6,N,52.513333,0.0,20.95,CH,Budget,Standard,28.07,4,7.12,1,Income_Group_1,Domestic,F
1915,F,M,2,68462.8,N,34.4,5.93,60.51,CC,FreeLocal,Standard,90.84,1,24.39,0,Income_Group_3,Both,F
1924,F,M,1,82931.3,N,64.64,0.0,118.0,Auto,FreeLocal,Standard,137.25,3,19.24,0,Income_Group_4,Domestic,F
1927,F,S,2,21274.0,N,45.526667,0.0,32.43,Auto,FreeLocal,Standard,43.31,2,10.87,0,Income_Group_1,Domestic,T
1937,F,M,2,91861.0,Y,41.98,0.0,6.74,CC,Budget,Standard,22.06,1,15.32,0,Income_Group_4,Domestic,F
1958,F,M,2,38215.9,N,30.886667,0.0,0.97,Auto,Budget,Standard,0.97,4,0.0,8,Income_Group_2,Domestic,F
1960,F,M,2,49745.3,N,47.966667,0.0,24.44,CH,Budget,Intnl_discount,27.28,2,2.84,2,Income_Group_3,Domestic,F
1962,F,M,2,88427.0,N,13.86,4.16,43.34,CC,Budget,Standard,69.97,3,22.46,1,Income_Group_4,Both,F
1967,F,S,0,30000.0,N,23.0,0.0,262.91,CC,Budget,Standard,265.78,1,45.0,0,Income_Group_2,Domestic,T
1982,F,S,1,2800.68,N,45.673333,0.0,106.3,CC,Budget,Standard,134.75,2,28.45,5,Income_Group_1,Domestic,T
1991,F,M,2,64816.6,Y,31.126667,0.0,6.87,CC,Budget,Standard,27.87,1,21.0,0,Income_Group_3,Domestic,F
1994,F,S,1,2929.13,N,53.506667,0.0,88.23,CH,Budget,Intnl_discount,102.23,4,14.0,2,Income_Group_1,Domestic,T
2006,F,M,0,77994.0,N,50.553333,0.0,89.62,CH,FreeLocal,Standard,102.02,1,12.4,1,Income_Group_4,Domestic,T
2007,M,M,2,90103.7,N,34.946667,8.87,45.34,CC,Budget,Intnl_discount,66.45,2,12.23,3,Income_Group_4,Both,F
2014,F,S,0,433.74,N,60.746667,0.0,40.91,CC,FreeLocal,Standard,44.22,4,3.3,6,Income_Group_1,Domestic,T
2017,M,M,2,10708.3,N,26.026667,4.85,117.26,CH,Budget,Intnl_discount,142.95,4,20.83,1,Income_Group_1,Both,F
2020,F,M,0,2031.61,N,20.3,0.0,87.4,CC,Budget,Standard,109.04,4,21.64,1,Income_Group_1,Domestic,T
2029,M,M,0,95448.6,Y,53.68,0.0,5.21,CH,Budget,Standard,29.46,4,24.24,8,Income_Group_4,Domestic,F
2031,M,S,2,63152.6,Y,63.173333,0.0,40.07,CC,Budget,Intnl_discount,70.01,2,29.93,2,Income_Group_3,Domestic,F
2040,M,M,1,71472.9,N,41.913333,0.0,114.2,CH,Budget,Standard,130.22,2,16.02,0,Income_Group_3,Domestic,T
2044,M,S,0,90321.6,N,55.113333,0.0,11.52,CH,FreeLocal,Intnl_discount,12.39,1,0.87,0,Income_Group_4,Domestic,T
2046,F,M,2,56187.0,N,46.0,0.0,13.74,CH,Budget,Standard,21.83,2,8.09,0,Income_Group_3,Domestic,F
2057,M,M,1,75004.5,N,64.8,0.0,32.19,CC,Budget,Intnl_discount,58.72,2,26.52,0,Income_Group_4,Domestic,F
2078,M,S,2,43634.5,N,21.78,9.42,104.64,CC,Budget,Standard,143.5,4,29.44,0,Income_Group_2,Both,T
2082,F,S,1,13109.1,N,62.606667,0.0,40.48,Auto,Budget,Standard,62.87,3,22.38,0,Income_Group_1,Domestic,T
2090,M,M,1,13091.6,N,59.126667,0.0,20.26,CC,Budget,Intnl_discount,43.06,1,22.79,2,Income_Group_1,Domestic,F
2093,F,M,2,62061.8,Y,45.92,0.0,52.22,Auto,FreeLocal,Standard,82.08,1,29.86,1,Income_Group_3,Domestic,F
2094,F,M,1,20550.9,Y,22.12,0.86,57.06,CC,Budget,Standard,85.64,3,27.72,0,Income_Group_1,Both,T
2097,M,M,2,1765.41,N,18.766667,0.0,44.95,CC,FreeLocal,Standard,47.99,1,3.04,0,Income_Group_1,Domestic,F
2106,M,M,1,5252.29,N,16.333333,0.0,17.08,Auto,Budget,Standard,19.73,2,2.65,1,Income_Group_1,Domestic,F
2122,M,M,2,49910.7,Y,51.52,0.0,23.72,CC,Budget,Standard,51.14,1,27.42,0,Income_Group_3,Domestic,F
2124,F,M,2,55860.0,Y,14.573333,0.0,10.35,CC,FreeLocal,Intnl_discount,26.37,4,16.01,2,Income_Group_3,Domestic,F
2136,F,M,2,86695.4,N,13.906667,0.0,32.09,CC,FreeLocal,Standard,58.03,1,25.94,2,Income_Group_4,Domestic,F
2151,F,M,1,98453.6,Y,41.0,0.0,11.65,Auto,FreeLocal,Standard,25.38,3,13.72,0,Income_Group_5,Domestic,F
2153,F,S,2,57420.0,Y,46.0,0.0,252.53,Auto,Budget,Standard,277.72,1,25.18,1,Income_Group_3,Domestic,F
2165,F,S,1,540.4,Y,39.213333,0.0,7.75,Auto,Budget,Intnl_discount,20.1,2,12.34,0,Income_Group_1,Domestic,T
2175,F,S,0,93454.3,Y,48.533333,0.0,25.18,Auto,FreeLocal,Standard,44.13,1,18.94,0,Income_Group_4,Domestic,F
2181,M,S,2,60095.2,Y,23.313333,0.0,116.14,Auto,Budget,Standard,117.85,2,1.71,3,Income_Group_3,Domestic,F
2185,F,M,1,82931.3,N,64.64,0.0,118.0,Auto,FreeLocal,Standard,137.25,4,19.24,3,Income_Group_4,Domestic,F
2186,F,M,2,57483.9,N,44.026667,0.0,27.29,CH,Budget,Standard,44.3,3,17.01,2,Income_Group_3,Domestic,F
2189,F,M,2,28267.0,N,30.093333,0.0,192.53,CC,FreeLocal,Standard,214.41,4,21.87,0,Income_Group_2,Domestic,F
2223,F,S,0,74530.8,N,63.086667,0.49,106.5,Auto,FreeLocal,Intnl_discount,127.89,4,20.89,5,Income_Group_4,Both,F
2225,F,S,0,38000.0,N,24.0,0.0,262.91,CC,Budget,Standard,265.78,3,39.0,0,Income_Group_2,Domestic,T
2251,F,S,0,15989.3,N,61.693333,0.0,25.49,CC,Budget,Intnl_discount,29.17,2,3.67,2,Income_Group_1,Domestic,T
2253,M,M,0,96681.0,Y,19.76,7.66,40.92,CC,Budget,Standard,73.76,2,5.0,0,Income_Group_5,Both,F
2259,F,S,0,64319.2,N,41.226667,0.0,37.15,CH,Budget,Intnl_discount,40.16,1,3.01,0,Income_Group_3,Domestic,T
2260,F,S,1,73338.0,N,48.246667,0.0,9.01,Auto,Budget,Intnl_discount,29.93,4,20.92,0,Income_Group_4,Domestic,F
2275,M,M,1,95448.6,Y,53.68,0.0,5.21,CH,Budget,Standard,29.46,4,24.24,0,Income_Group_4,Domestic,F
2277,M,S,2,63152.6,Y,63.173333,0.0,40.07,CC,Budget,Intnl_discount,70.01,3,29.93,0,Income_Group_3,Domestic,F
2280,F,S,0,42760.5,N,42.0,0.0,40.23,CC,Budget,Standard,53.7,2,13.47,0,Income_Group_2,Domestic,F
2290,M,S,0,90478.6,N,54.553333,0.0,136.47,CC,FreeLocal,Standard,154.49,3,18.02,1,Income_Group_4,Domestic,T
2294,F,S,1,32098.0,N,24.393333,0.0,206.08,CC,Budget,Intnl_discount,229.64,1,23.56,1,Income_Group_2,Domestic,T
2300,M,M,2,53010.8,N,18.84,0.0,46.42,CC,FreeLocal,Standard,58.87,1,12.45,4,Income_Group_3,Domestic,F
2317,F,M,2,42031.8,N,50.753333,0.0,39.33,CH,Budget,Intnl_discount,59.78,2,20.45,0,Income_Group_2,Domestic,F
2326,F,S,1,13109.1,N,62.606667,0.0,40.48,Auto,Budget,Standard,62.87,2,22.38,3,Income_Group_1,Domestic,T
2327,M,S,1,92647.5,N,56.046667,5.74,10.34,CC,Budget,Standard,32.13,4,16.04,2,Income_Group_4,Both,T
2331,F,S,2,28787.4,N,41.666667,0.0,58.09,Auto,Budget,Standard,86.06,1,27.97,0,Income_Group_2,Domestic,T
2337,F,M,2,62061.8,Y,45.92,0.0,52.22,Auto,FreeLocal,Standard,82.08,2,29.86,2,Income_Group_3,Domestic,F
2347,M,S,2,43634.5,N,21.78,9.42,104.64,CC,Budget,Standard,143.5,1,29.44,1,Income_Group_2,Both,T
2353,F,S,2,21021.6,Y,62.753333,0.0,11.19,CC,Budget,Standard,14.95,4,3.75,1,Income_Group_1,Domestic,T
2356,F,S,2,28787.4,N,41.666667,0.0,58.09,Auto,Budget,Standard,86.06,4,27.97,1,Income_Group_2,Domestic,T
2393,F,M,2,55860.0,Y,14.573333,0.0,10.35,CC,FreeLocal,Intnl_discount,26.37,1,16.01,1,Income_Group_3,Domestic,F
2400,M,M,2,57360.8,Y,53.253333,0.0,57.25,CC,FreeLocal,Standard,67.61,1,10.36,8,Income_Group_3,Domestic,F
2415,F,M,1,98680.4,Y,48.0,0.0,8.85,CH,FreeLocal,Intnl_discount,26.44,3,17.58,0,Income_Group_5,Domestic,F
2417,F,M,1,95620.3,Y,52.646667,0.0,93.61,CC,Budget,Standard,104.53,3,10.91,0,Income_Group_4,Domestic,F
2429,F,S,0,89813.6,N,12.846667,1.96,149.26,CC,FreeLocal,Intnl_discount,166.18,4,14.94,0,Income_Group_4,Both,F
2445,M,M,0,5745.0,Y,15.38,0.0,17.71,CC,FreeLocal,Standard,44.11,1,26.4,1,Income_Group_1,Domestic,T
2460,F,M,2,36725.1,N,55.793333,9.22,77.0,CH,Budget,Standard,94.88,2,8.65,0,Income_Group_2,Both,F
2467,F,M,2,91861.0,Y,41.98,0.0,6.74,CC,Budget,Standard,22.06,3,15.32,0,Income_Group_4,Domestic,F
2470,F,S,1,12374.9,Y,33.493333,0.0,106.1,Auto,FreeLocal,Standard,123.59,3,17.49,0,Income_Group_1,Domestic,T
2485,F,M,2,38215.9,N,30.886667,0.0,0.97,Auto,Budget,Standard,0.97,2,0.0,0,Income_Group_2,Domestic,F
2501,M,M,1,66931.9,N,63.933333,0.39,5.35,CC,Budget,Standard,17.46,1,11.72,1,Income_Group_3,Both,T
2503,F,M,1,32962.6,N,24.0,0.0,26.78,Auto,FreeLocal,Intnl_discount,48.08,3,25.77,1,Income_Group_2,Domestic,T
2543,F,M,1,8073.11,N,47.0,0.0,60.35,Auto,FreeLocal,Standard,89.05,4,28.7,0,Income_Group_1,Domestic,F
2551,F,M,0,27371.8,Y,62.0,0.0,126.55,CC,FreeLocal,Standard,142.7,2,16.14,1,Income_Group_2,Domestic,F
2559,M,S,0,90478.6,N,54.553333,0.0,136.47,CH,FreeLocal,Standard,154.49,4,18.02,0,Income_Group_4,Domestic,T
2563,F,S,1,35000.0,N,24.393333,0.0,206.08,CC,Budget,Intnl_discount,229.64,2,23.56,0,Income_Group_2,Domestic,T
2565,M,M,0,9780.66,N,24.546667,7.27,11.32,CC,FreeLocal,Standard,21.39,2,2.8,1,Income_Group_1,Both,F
2569,M,M,2,53010.8,N,18.84,0.0,46.42,CC,FreeLocal,Standard,58.87,3,12.45,4,Income_Group_3,Domestic,F
2581,M,S,2,89459.9,N,53.28,1.61,22.9,CC,FreeLocal,Standard,36.05,4,11.54,3,Income_Group_4,Both,T
2586,F,M,2,42031.8,N,50.753333,0.0,39.33,CH,Budget,Intnl_discount,59.78,1,20.45,5,Income_Group_2,Domestic,F
2595,F,S,1,13109.1,N,62.606667,0.0,40.48,Auto,Budget,Standard,62.87,3,22.38,0,Income_Group_1,Domestic,T
2596,M,S,1,92647.5,N,56.046667,5.74,10.34,CC,Budget,Standard,32.13,4,16.04,0,Income_Group_4,Both,T
2600,F,S,2,28787.4,N,41.666667,0.0,58.09,Auto,Budget,Standard,86.06,4,27.97,1,Income_Group_2,Domestic,T
2627,F,S,0,73228.3,N,70.0,0.0,28.11,Auto,Budget,Standard,50.58,1,22.47,1,Income_Group_4,Domestic,F
2649,F,M,2,86695.4,N,13.906667,0.0,32.09,CC,FreeLocal,Standard,58.03,1,25.94,0,Income_Group_4,Domestic,F
2654,M,M,1,2067.82,N,47.853333,0.0,70.65,CC,Budget,Intnl_discount,85.9,1,15.25,0,Income_Group_1,Domestic,F
2663,F,M,1,66921.4,Y,55.0,0.0,8.97,CC,FreeLocal,Intnl_discount,24.67,4,15.7,0,Income_Group_3,Domestic,F
2671,F,S,0,39461.0,N,22.226667,0.28,103.52,CC,FreeLocal,Standard,126.68,1,22.87,1,Income_Group_2,Both,T
2681,F,M,2,59691.3,N,38.04,0.0,256.7,CC,Budget,Standard,278.65,4,21.94,1,Income_Group_3,Domestic,F
2682,F,S,2,11251.1,Y,46.0,0.0,113.48,CC,FreeLocal,Standard,141.91,4,28.42,2,Income_Group_1,Domestic,T
2701,F,S,2,21274.0,N,45.526667,0.0,32.43,Auto,FreeLocal,Standard,43.31,4,10.87,0,Income_Group_1,Domestic,T
2714,F,S,1,12374.9,Y,33.493333,0.0,106.1,Auto,FreeLocal,Standard,123.59,4,17.49,2,Income_Group_1,Domestic,T
2717,F,M,2,84948.0,Y,29.446667,0.0,12.58,CH,FreeLocal,Intnl_discount,23.73,3,11.14,0,Income_Group_4,Domestic,F
2729,F,M,2,38215.9,N,30.886667,0.0,0.97,Auto,Budget,Standard,0.97,1,0.0,1,Income_Group_2,Domestic,F
2736,F,S,0,74530.8,N,63.086667,0.49,106.5,Auto,FreeLocal,Intnl_discount,127.89,3,20.89,8,Income_Group_4,Both,F
2749,F,S,0,42000.0,N,23.0,0.0,61.44,CC,Budget,Standard,65.79,3,25.77,0,Income_Group_2,Domestic,T
2764,F,S,0,15989.3,N,61.693333,0.0,25.49,CC,Budget,Intnl_discount,29.17,3,3.67,3,Income_Group_1,Domestic,T
2771,F,M,2,36647.9,N,49.986667,0.0,85.96,CC,Budget,Intnl_discount,107.38,1,21.41,1,Income_Group_2,Domestic,T
2772,F,S,0,64319.2,N,41.226667,0.0,37.15,CH,Budget,Intnl_discount,40.16,1,3.01,8,Income_Group_3,Domestic,T
2774,F,S,0,433.74,N,60.746667,0.0,40.91,CC,FreeLocal,Standard,44.22,1,3.3,2,Income_Group_1,Domestic,T
2777,M,M,2,10708.3,N,26.026667,4.85,117.26,CH,Budget,Intnl_discount,142.95,1,20.83,0,Income_Group_1,Both,F
2786,F,M,0,55221.0,N,48.0,0.0,15.2,CC,FreeLocal,Standard,15.69,4,0.49,0,Income_Group_3,Domestic,F
2792,M,S,2,72084.7,N,55.64,0.0,9.02,CC,Budget,Intnl_discount,38.13,4,29.11,0,Income_Group_4,Domestic,F
2803,M,S,0,90478.6,N,54.553333,0.0,136.47,CC,FreeLocal,Standard,154.49,2,18.02,0,Income_Group_4,Domestic,T
2804,F,M,2,56187.0,N,52.646667,0.0,13.74,CH,Budget,Standard,21.83,2,8.09,0,Income_Group_3,Domestic,F
2818,M,S,1,57626.9,Y,43.906667,0.0,38.96,CC,Budget,Standard,48.35,4,9.38,0,Income_Group_3,Domestic,F
2829,M,M,0,9780.66,N,24.546667,7.27,11.32,CC,FreeLocal,Standard,21.39,2,2.8,3,Income_Group_1,Both,F
2839,M,M,2,20078.0,N,32.846667,0.0,6.33,CC,Budget,Intnl_discount,15.98,1,9.65,0,Income_Group_1,Domestic,F
2854,M,M,0,92881.8,N,21.38,6.12,85.29,CC,FreeLocal,Standard,93.57,2,2.15,0,Income_Group_4,Both,T
2861,F,S,2,21021.6,Y,62.753333,0.0,11.19,CC,Budget,Standard,14.95,4,3.75,1,Income_Group_1,Domestic,T
2864,F,S,2,28787.4,N,41.666667,0.0,58.09,Auto,Budget,Standard,86.06,3,27.97,1,Income_Group_2,Domestic,T
2866,F,M,0,83900.2,N,45.04,0.0,8.62,CC,FreeLocal,Intnl_discount,36.83,4,28.21,1,Income_Group_4,Domestic,T
2870,F,M,2,62061.8,Y,45.92,0.0,52.22,Auto,FreeLocal,Standard,82.08,1,29.86,0,Income_Group_3,Domestic,F
2894,M,M,1,64792.3,N,52.146667,1.51,36.84,CH,FreeLocal,Standard,51.41,1,13.05,0,Income_Group_3,Both,T
2918,M,M,1,2067.82,N,47.853333,0.0,70.65,CC,Budget,Intnl_discount,85.9,3,15.25,4,Income_Group_1,Domestic,F
2923,F,M,1,98680.4,Y,58.706667,0.0,8.85,CH,FreeLocal,Intnl_discount,26.44,1,17.58,5,Income_Group_5,Domestic,F
2931,M,M,0,58986.2,N,26.98,3.73,26.69,CH,FreeLocal,Standard,34.35,2,3.93,2,Income_Group_3,Both,F
2935,F,S,0,39461.0,N,22.226667,0.28,103.52,CC,FreeLocal,Standard,126.68,4,22.87,3,Income_Group_2,Both,T
2944,F,M,2,80087.7,N,41.92,0.0,22.82,CC,FreeLocal,Standard,31.56,1,8.74,2,Income_Group_4,Domestic,F
2953,M,M,0,5745.0,Y,15.38,0.0,17.71,CC,FreeLocal,Standard,44.11,4,26.4,0,Income_Group_1,Domestic,T
2965,F,S,2,21274.0,N,45.526667,0.0,32.43,Auto,FreeLocal,Standard,43.31,4,10.87,1,Income_Group_1,Domestic,T
2968,F,M,2,36725.1,N,55.793333,9.22,77.0,CH,Budget,Standard,94.88,4,8.65,1,Income_Group_2,Both,F
2975,F,M,2,91861.0,Y,41.98,0.0,6.74,CC,Budget,Standard,22.06,2,15.32,1,Income_Group_4,Domestic,F
2981,F,M,2,84948.0,Y,29.446667,0.0,12.58,CH,FreeLocal,Intnl_discount,23.73,1,11.14,1,Income_Group_4,Domestic,F
2988,M,M,2,21416.5,N,35.653333,9.17,8.53,CC,FreeLocal,Intnl_discount,27.61,1,9.9,0,Income_Group_1,Both,F
2999,M,S,0,89142.7,N,53.693333,8.13,5.01,CC,Budget,Intnl_discount,16.91,1,3.76,0,Income_Group_4,Both,T
3015,F,D,1,77726.4,N,56.72,0.0,9.51,Auto,Budget,Intnl_discount,23.52,4,14.0,0,Income_Group_4,Domestic,F
3017,F,S,1,2800.68,N,45.673333,0.0,106.3,CC,Budget,Standard,134.75,1,28.45,0,Income_Group_1,Domestic,T
3020,F,M,2,90271.6,N,44.926667,0.0,96.43,CC,FreeLocal,Standard,110.4,2,13.96,0,Income_Group_4,Domestic,F
3025,F,M,2,98217.1,N,44.98,0.0,13.24,CC,FreeLocal,Standard,42.74,4,29.49,0,Income_Group_5,Domestic,F
3038,F,S,0,433.74,N,60.746667,0.0,40.91,CC,FreeLocal,Standard,44.22,2,3.3,2,Income_Group_1,Domestic,T
3039,F,M,2,16962.2,N,45.36,0.0,8.96,CC,Budget,Standard,27.57,2,18.6,1,Income_Group_1,Domestic,F
3041,M,M,2,10708.3,N,26.026667,4.85,117.26,CH,Budget,Intnl_discount,142.95,3,20.83,0,Income_Group_1,Both,F
3047,F,S,2,16938.5,N,48.0,0.0,8.76,CH,FreeLocal,Standard,22.11,1,13.35,0,Income_Group_1,Domestic,F
3051,F,M,1,8073.11,N,41.0,0.0,60.35,Auto,FreeLocal,Standard,89.05,3,28.7,0,Income_Group_1,Domestic,F
3067,M,S,1,90478.6,N,54.553333,0.0,136.47,CC,FreeLocal,Standard,154.49,2,18.02,0,Income_Group_4,Domestic,T
3082,M,S,1,57626.9,Y,43.906667,0.0,38.96,CC,Budget,Standard,48.35,1,9.38,2,Income_Group_3,Domestic,F
3084,F,M,2,47902.0,N,26.033333,4.94,49.92,Auto,FreeLocal,Standard,72.31,4,17.44,2,Income_Group_2,Both,F
3099,M,S,2,43634.5,N,21.78,9.42,104.64,CC,Budget,Standard,143.5,1,29.44,3,Income_Group_2,Both,T
3108,F,S,2,28787.4,N,41.666667,0.0,58.09,Auto,Budget,Standard,86.06,2,27.97,0,Income_Group_2,Domestic,T
3114,F,M,2,62061.8,Y,45.92,0.0,52.22,Auto,FreeLocal,Standard,82.08,1,29.86,6,Income_Group_3,Domestic,F
3119,F,S,2,19131.1,N,56.186667,0.0,34.91,Auto,Budget,Standard,57.07,2,22.15,1,Income_Group_1,Domestic,T
3125,M,M,2,28766.9,N,46.84,0.0,58.08,CC,Budget,Standard,64.2,4,6.11,1,Income_Group_2,Domestic,F
3165,M,M,2,30665.2,Y,22.88,8.32,63.28,Auto,FreeLocal,Standard,77.44,1,5.83,0,Income_Group_2,Both,F
3167,F,M,1,98680.4,Y,58.706667,0.0,8.85,CH,FreeLocal,Intnl_discount,26.44,1,17.58,1,Income_Group_5,Domestic,F
3176,F,M,2,47639.1,N,48.0,0.0,39.62,CC,Budget,Intnl_discount,57.11,4,17.48,0,Income_Group_2,Domestic,F
3180,M,M,1,47371.0,Y,54.96,7.69,258.29,CC,Budget,Intnl_discount,270.97,4,4.98,0,Income_Group_2,Both,F
3183,M,S,1,16432.1,Y,20.92,8.89,80.47,CH,Budget,Intnl_discount,109.78,3,20.41,1,Income_Group_1,Both,T
3189,F,M,2,59691.3,N,38.04,0.0,256.7,CC,Budget,Standard,278.65,1,21.94,1,Income_Group_3,Domestic,F
3190,F,S,2,11251.1,Y,52.0,0.0,113.48,CC,FreeLocal,Standard,141.91,2,28.42,2,Income_Group_1,Domestic,T
3204,F,M,2,11234.7,Y,49.046667,0.0,112.72,CC,Budget,Standard,113.42,2,0.69,0,Income_Group_1,Domestic,F
3216,M,S,1,94188.3,N,57.546667,0.86,19.78,CC,Budget,Standard,41.51,2,20.86,0,Income_Group_4,Both,T
3222,F,S,1,12374.9,Y,33.493333,0.0,106.1,Auto,FreeLocal,Standard,123.59,1,17.49,0,Income_Group_1,Domestic,T
3223,F,M,2,69133.9,Y,26.833333,0.0,37.73,CH,FreeLocal,Standard,46.32,1,8.58,0,Income_Group_3,Domestic,T
3244,F,S,0,74530.8,N,63.086667,0.49,106.5,Auto,FreeLocal,Intnl_discount,127.89,4,20.89,2,Income_Group_4,Both,F
3259,F,S,0,77726.4,N,56.72,0.0,9.51,Auto,Budget,Intnl_discount,23.52,3,14.0,0,Income_Group_4,Domestic,F
3264,F,M,2,90271.6,N,44.926667,0.0,96.43,CC,FreeLocal,Standard,110.4,2,13.96,0,Income_Group_4,Domestic,F
3278,M,S,1,84978.1,N,21.64,7.68,76.07,CH,FreeLocal,Intnl_discount,88.79,1,5.03,0,Income_Group_4,Both,T
3291,F,S,2,16938.5,N,52.646667,0.0,8.76,CH,FreeLocal,Standard,22.11,4,13.35,0,Income_Group_1,Domestic,F
3296,M,M,1,95448.6,Y,53.68,0.0,5.21,CH,Budget,Standard,29.46,3,24.24,0,Income_Group_4,Domestic,F
3302,F,S,1,49072.0,N,70.0,0.0,10.74,Auto,Budget,Intnl_discount,34.25,1,23.5,1,Income_Group_3,Domestic,F
3308,M,S,0,95786.8,Y,57.553333,0.0,87.46,CC,Budget,Standard,108.79,4,21.33,2,Income_Group_4,Domestic,T
3311,M,D,1,90478.6,N,54.553333,0.0,136.47,CC,FreeLocal,Standard,154.49,4,18.02,0,Income_Group_4,Domestic,T
3322,M,M,2,75004.5,N,64.8,0.0,32.19,CC,Budget,Intnl_discount,58.72,4,26.52,0,Income_Group_4,Domestic,F
3352,F,S,2,28787.4,N,41.666667,0.0,58.09,Auto,Budget,Standard,86.06,4,27.97,1,Income_Group_2,Domestic,T
3367,F,S,2,6440.46,Y,42.0,0.0,27.2,CH,Budget,Standard,49.86,4,22.66,8,Income_Group_1,Domestic,F
3369,M,M,2,28766.9,N,46.84,0.0,58.08,CC,Budget,Standard,64.2,3,6.11,1,Income_Group_2,Domestic,F
3374,M,M,2,91272.2,Y,25.033333,0.0,13.01,CC,FreeLocal,Standard,40.0,3,26.99,2,Income_Group_4,Domestic,F
3397,M,M,1,92414.7,Y,45.513333,0.0,10.62,CC,FreeLocal,Standard,40.06,3,29.43,2,Income_Group_4,Domestic,T
3406,M,M,1,2067.82,N,47.853333,0.0,70.65,CC,Budget,Intnl_discount,85.9,1,15.25,1,Income_Group_1,Domestic,F
3410,F,M,1,83287.0,Y,49.0,0.0,30.95,Auto,FreeLocal,Intnl_discount,37.04,3,6.08,8,Income_Group_4,Domestic,F
3411,M,M,1,98680.4,Y,58.706667,0.0,8.85,CH,FreeLocal,Intnl_discount,26.44,3,17.58,1,Income_Group_5,Domestic,T
3413,M,M,1,95620.3,Y,49.12,0.0,93.61,CC,Budget,Standard,104.53,1,10.91,1,Income_Group_4,Domestic,T
3433,F,M,2,59691.3,N,38.04,0.0,256.7,CC,Budget,Standard,278.65,1,21.94,1,Income_Group_3,Domestic,F
3434,F,S,2,11251.1,Y,62.0,0.0,113.48,CC,FreeLocal,Standard,141.91,4,28.42,0,Income_Group_1,Domestic,T
3450,F,M,1,82931.3,N,64.64,0.0,118.0,Auto,FreeLocal,Standard,137.25,4,19.24,0,Income_Group_4,Domestic,F
3467,F,M,2,69133.9,Y,26.833333,0.0,37.73,CH,FreeLocal,Standard,46.32,3,8.58,1,Income_Group_3,Domestic,F
3483,F,M,2,49745.3,N,47.966667,0.0,24.44,CH,Budget,Intnl_discount,27.28,2,2.84,0,Income_Group_3,Domestic,F
3503,F,S,0,77726.4,N,56.72,0.0,9.51,Auto,Budget,Intnl_discount,23.52,2,14.0,3,Income_Group_4,Domestic,F
3516,F,S,0,15989.3,N,61.693333,0.0,25.49,CC,Budget,Intnl_discount,29.17,2,3.67,1,Income_Group_1,Domestic,T
3524,F,S,0,64319.2,N,41.226667,0.0,37.15,CH,Budget,Intnl_discount,40.16,1,3.01,1,Income_Group_3,Domestic,T
3540,M,M,1,95448.6,Y,53.68,0.0,5.21,CH,Budget,Standard,29.46,3,24.24,1,Income_Group_4,Domestic,F
3554,M,S,0,90321.6,N,55.113333,0.0,11.52,CC,FreeLocal,Intnl_discount,12.39,4,0.87,1,Income_Group_4,Domestic,T
3556,F,M,2,56187.0,N,43.0,0.0,13.74,CH,Budget,Standard,21.83,1,8.09,2,Income_Group_3,Domestic,F
3565,M,M,2,53010.8,N,18.84,0.0,46.42,CC,FreeLocal,Standard,58.87,4,12.45,5,Income_Group_3,Domestic,F
3633,F,M,2,55860.0,Y,14.573333,0.0,10.35,CC,FreeLocal,Intnl_discount,26.37,3,16.01,1,Income_Group_3,Domestic,F
3640,M,M,2,57360.8,Y,53.253333,0.0,57.25,CC,FreeLocal,Standard,67.61,4,10.36,1,Income_Group_3,Domestic,F
3641,M,M,0,92414.7,Y,45.513333,0.0,10.62,CC,FreeLocal,Standard,40.06,4,29.43,8,Income_Group_4,Domestic,T
3643,F,S,2,14578.8,Y,60.933333,0.0,95.1,Auto,Budget,Standard,107.02,1,11.91,1,Income_Group_1,Domestic,T
3657,M,M,1,95620.3,Y,49.12,0.0,93.61,CC,Budget,Standard,104.53,3,10.91,0,Income_Group_4,Domestic,T
3667,F,S,0,39461.0,N,22.226667,0.28,103.52,CC,FreeLocal,Standard,126.68,4,22.87,3,Income_Group_2,Both,T
3671,M,S,1,16432.1,Y,20.92,8.89,80.47,CH,Budget,Intnl_discount,109.78,3,20.41,1,Income_Group_1,Both,T
3676,F,M,2,80087.7,N,41.92,0.0,22.82,CC,FreeLocal,Standard,31.56,2,8.74,1,Income_Group_4,Domestic,F
3678,F,S,2,11251.1,Y,43.0,0.0,113.48,CC,FreeLocal,Standard,141.91,2,28.42,1,Income_Group_1,Domestic,T
3686,M,M,2,59613.1,N,34.32,0.0,163.41,CC,Budget,Intnl_discount,175.78,2,12.37,0,Income_Group_3,Domestic,T
3694,F,M,1,82931.3,N,64.64,0.0,118.0,Auto,FreeLocal,Standard,137.25,2,19.24,0,Income_Group_4,Domestic,F
3700,F,M,2,36725.1,N,55.793333,9.22,77.0,CH,Budget,Standard,94.88,1,8.65,2,Income_Group_2,Both,F
3701,M,M,0,67388.0,N,53.12,0.5,91.04,CC,Budget,Standard,96.33,4,4.79,4,Income_Group_3,Both,T
3712,M,M,0,84166.1,N,54.013333,0.0,11.74,CC,Budget,Standard,15.02,1,3.28,1,Income_Group_4,Domestic,T
3720,M,M,2,21416.5,N,35.653333,9.17,8.53,CC,FreeLocal,Intnl_discount,27.61,3,9.9,0,Income_Group_1,Both,F
3730,F,M,2,98003.7,Y,26.273333,0.0,83.39,CC,FreeLocal,Intnl_discount,84.42,2,1.03,0,Income_Group_5,Domestic,F
3732,F,S,0,74530.8,N,63.086667,0.49,106.5,Auto,FreeLocal,Intnl_discount,127.89,4,20.89,0,Income_Group_4,Both,F
3760,F,S,0,15989.3,N,61.693333,0.0,25.49,CC,Budget,Intnl_discount,29.17,1,3.67,1,Income_Group_1,Domestic,T
3767,F,M,2,36647.9,N,49.986667,0.0,85.96,CC,Budget,Intnl_discount,107.38,2,21.41,0,Income_Group_2,Domestic,F
3769,F,S,1,73338.0,N,48.246667,0.0,9.01,Auto,Budget,Intnl_discount,29.93,2,20.92,0,Income_Group_4,Domestic,F
3782,F,M,0,55221.0,N,46.0,0.0,15.2,CC,FreeLocal,Standard,15.69,1,0.49,0,Income_Group_3,Domestic,F
3784,M,M,1,95448.6,Y,53.68,0.0,5.21,CH,Budget,Standard,29.46,4,24.24,0,Income_Group_4,Domestic,F
3794,M,M,0,71472.9,N,41.913333,0.0,114.2,CH,Budget,Standard,130.22,3,16.02,0,Income_Group_3,Domestic,T
3821,F,S,0,78851.3,N,48.373333,0.0,28.66,CC,FreeLocal,Standard,29.04,4,0.37,0,Income_Group_4,Domestic,T
3823,F,M,0,83891.9,Y,61.02,0.0,45.47,CH,Budget,Standard,74.4,4,28.92,0,Income_Group_4,Domestic,T
3824,F,M,2,28220.8,N,38.766667,0.0,12.46,CC,FreeLocal,Standard,38.95,4,26.49,0,Income_Group_2,Domestic,T
3825,F,S,0,28589.1,N,15.6,0.0,87.09,CC,FreeLocal,Standard,100.28,3,13.19,0,Income_Group_2,Domestic,T
