{
    "algorithm": "PipelineModel", 
    "algorithmType": "Classification", 
    "author": "999", 
    "createdAt": 1525853324903, 
    "features": [
        {
            "name": "ACCT_STATUS_K_USD", 
            "sample": "NONE", 
            "type": "unicode"
        }, 
        {
            "name": "CONTRACT_DURATION_MONTH", 
            "sample": 12, 
            "type": "int"
        }, 
        {
            "name": "GUARANTOR", 
            "sample": "NO", 
            "type": "unicode"
        }, 
        {
            "name": "SHIP_INTERNATIONAL", 
            "sample": "NO", 
            "type": "unicode"
        }, 
        {
            "name": "IS_URBAN", 
            "sample": "NO", 
            "type": "unicode"
        }, 
        {
            "name": "OWN_REAL_ESTATE", 
            "sample": "YES", 
            "type": "unicode"
        }, 
        {
            "name": "PROP_UNKN", 
            "sample": "NO", 
            "type": "unicode"
        }, 
        {
            "name": "BRANCHES", 
            "sample": 2, 
            "type": "int"
        }, 
        {
            "name": "ACCT_AGE", 
            "sample": "4 to 7 YRS", 
            "type": "unicode"
        }, 
        {
            "name": "NUMBER_CREDITS", 
            "sample": 1, 
            "type": "int"
        }, 
        {
            "name": "OWN_RESIDENCE", 
            "sample": "YES", 
            "type": "unicode"
        }, 
        {
            "name": "OTHER_INSTALL_PLAN", 
            "sample": "NO", 
            "type": "unicode"
        }, 
        {
            "name": "ESTABLISHED_MONTH", 
            "sample": 49, 
            "type": "int"
        }, 
        {
            "name": "MERCHANT", 
            "sample": 3, 
            "type": "int"
        }, 
        {
            "name": "IS_XBORDER", 
            "sample": "YES", 
            "type": "unicode"
        }, 
        {
            "name": "CO_APPLICANT", 
            "sample": "NO", 
            "type": "unicode"
        }, 
        {
            "name": "PRESENT_RESIDENT", 
            "sample": "above 4 YRS", 
            "type": "unicode"
        }, 
        {
            "name": "STATE", 
            "sample": "NJ", 
            "type": "unicode"
        }, 
        {
            "name": "AMOUNT_K_USD", 
            "sample": 2096, 
            "type": "int"
        }, 
        {
            "name": "CREDIT_PROGRAM", 
            "sample": "EDUCATION", 
            "type": "unicode"
        }, 
        {
            "name": "RENT", 
            "sample": "NO", 
            "type": "unicode"
        }, 
        {
            "name": "HISTORY", 
            "sample": "CRITICAL ACCOUNT", 
            "type": "unicode"
        }, 
        {
            "name": "ACCOUNT_TYPE", 
            "sample": "up to 100 K USD", 
            "type": "unicode"
        }, 
        {
            "name": "SELF_REPORTED_ASMT", 
            "sample": "NO", 
            "type": "unicode"
        }, 
        {
            "name": "TELEPHONE", 
            "sample": "NO", 
            "type": "unicode"
        }, 
        {
            "name": "IS_DEFAULT", 
            "sample": "No", 
            "type": "unicode"
        }, 
        {
            "name": "RFM_SCORE", 
            "sample": 2, 
            "type": "int"
        }
    ], 
    "id": 1525853324903, 
    "isPublished": false, 
    "labelColumns": [
        {
            "name": "IS_DEFAULT", 
            "type": "string"
        }
    ], 
    "latestModelVersion": 2, 
    "learningType": "Supervised", 
    "name": "CreditCardDefault_model", 
    "params": {}, 
    "publishedBy": "", 
    "publishedModelVersion": -1, 
    "runtime": "Python27", 
    "serialization": "spark", 
    "source": "", 
    "type": "spark-2.0"
}