[
    {
        "metrics": {
            "accuracyScore": 0.9230769230769231, 
            "areaUnderPR": 0.9682793101247484, 
            "areaUnderROC": 0.9704315698807737, 
            "threshold": {
                "metric": "areaUnderROC", 
                "mid_value": 0.7, 
                "min_value": 0.3
            }
        }, 
        "modelName": "Telco_Churn_ML_model", 
        "modelVersion": "2", 
        "performance": "good", 
        "startTime": 1516306333
    }, 
    {
        "metrics": {
            "accuracyScore": 0.9230769230769231, 
            "areaUnderPR": 0.9682793101247484, 
            "areaUnderROC": 0.9704315698807737, 
            "threshold": {
                "metric": "areaUnderROC", 
                "mid_value": 0.7, 
                "min_value": 0.3
            }
        }, 
        "modelName": "Telco_Churn_ML_model", 
        "modelVersion": "2", 
        "performance": "good", 
        "startTime": 1516307614
    }
]