[
  {
    "args": [],
    "author": "1001",
    "dateCreated": 1516302391,
    "displayName": "TelcoChurnMLmodel-1516302357162",
    "env": [
      "SPARK_VERSION=2.0"
    ],
    "fileName": "TelcoChurnMLmodel-batch-scoring-1516302357162.py",
    "jobId": "4d8aaf665f2da06f",
    "jobName": "telcochurnmlmodel-1516302357162",
    "mainScript": [
      "/opt/conda/bin/python",
      "scripts/TelcoChurnMLmodel-batch-scoring-1516302357162.py"
    ],
    "runtimeEnvironment": "dsx-scripted-ml-python2",
    "scheduleDescription": "On demand",
    "type": "Batch scoring"
  },
  {
    "args": [],
    "author": "1001",
    "dateCreated": 1516302721,
    "displayName": "TelcoChurnMLmodel-1516302490534",
    "env": [
      "SPARK_VERSION=2.0"
    ],
    "fileName": "ScoreTelcoCustomers.py",
    "jobId": "a1920ce96aa78c7e",
    "jobName": "telcochurnmlmodel-1516302490534",
    "mainScript": [
      "/opt/conda/bin/python",
      "scripts/ScoreTelcoCustomers.py"
    ],
    "runtimeEnvironment": "dsx-scripted-ml-python2",
    "scheduleDescription": "On demand",
    "type": "Batch scoring"
  },
  {
    "args": [],
    "author": "1001",
    "dateCreated": 1516306299,
    "displayName": "TelcoChurnMLmodel-1516306094325",
    "env": [
      "SPARK_VERSION=2.0"
    ],
    "fileName": "TelcoChurnEvalScript.py",
    "jobId": "005947e18a8eddf6",
    "jobName": "telcochurnmlmodel-1516306094325",
    "mainScript": [
      "/opt/conda/bin/python",
      "scripts/TelcoChurnEvalScript.py"
    ],
    "runtimeEnvironment": "dsx-scripted-ml-python2",
    "scheduleDescription": "On demand",
    "type": "Model evaluation"
  }
]