[
  {
    "args": [],
    "author": "1002",
    "dateCreated": 1524607366,
    "displayName": "TelcoChurnMLmodel-1524607321182",
    "env": [
      "SPARK_VERSION=2.0"
    ],
    "fileName": "TelcoChurnBatch.py",
    "jobId": "8a306ce9df6cd6ba",
    "jobName": "telcochurnmlmodel-1524607321182",
    "mainScript": [
      "/opt/conda/bin/python",
      "scripts/TelcoChurnBatch.py"
    ],
    "remoteOptions": [],
    "runtimeEnvironment": "dsx-scripted-ml-python2",
    "scheduleDescription": "On demand",
    "targetHost": "",
    "type": "Batch scoring"
  },
  {
    "args": [],
    "author": "1002",
    "dateCreated": 1524607523,
    "displayName": "TelcoChurnMLmodel-1524607496948",
    "env": [
      "SPARK_VERSION=2.0"
    ],
    "fileName": "TelcoChurnEval.py",
    "jobId": "c9eb9df4be4b8d6a",
    "jobName": "telcochurnmlmodel-1524607496948",
    "mainScript": [
      "/opt/conda/bin/python",
      "scripts/TelcoChurnEval.py"
    ],
    "remoteOptions": [],
    "runtimeEnvironment": "dsx-scripted-ml-python2",
    "scheduleDescription": "On demand",
    "targetHost": "",
    "type": "Model evaluation"
  }
]