{
    "id": 1525853968746,
    "name": "SPSS_ResponseChannel",
    "latestModelVersion": 1,
    "runtime": "pmml-3.0",
    "author": "999",
    "createdAt": 1525853968746,
    "filename": "import",
    "features": [
        {
            "name": "Womens Sweather Sale",
            "type": "string"
        },
        {
            "name": "Affinity",
            "type": "string"
        },
        {
            "name": "Lancome Gift with Purchase",
            "type": "string"
        },
        {
            "name": "Discount of Womens Active Shoes",
            "type": "string"
        },
        {
            "name": "Annual Spend",
            "type": "double"
        },
        {
            "name": "Save 20% Career Suits",
            "type": "string"
        },
        {
            "name": "Shoe and Handbag sale",
            "type": "string"
        },
        {
            "name": "Anastasia Beverly Hills",
            "type": "string"
        },
        {
            "name": "Johnston and Murphy",
            "type": "string"
        },
        {
            "name": "Home Closeout",
            "type": "string"
        },
        {
            "name": "Save 10% with store pickup",
            "type": "string"
        },
        {
            "name": "Loyalty Program Member",
            "type": "string"
        },
        {
            "name": "Free shipping on orders over $49",
            "type": "string"
        },
        {
            "name": "Dress sale - 30 percent off",
            "type": "string"
        },
        {
            "name": "Gender",
            "type": "string"
        }
    ],
    "labelColumns": [
        {
            "name": "Response Channel",
            "type": "string"
        }
    ],
    "type": "pmml-model-3.0",
    "serialization": "pmml",
    "learningType": "Supervised",
    "algorithm": "RuleSetModel",
    "algorithmType": "Classification",
    "params": {},
    "publishedBy": "",
    "isPublished": false,
    "publishedModelVersion": -1
}