[
  {
    "args": [],
    "author": "999",
    "dateCreated": 1543436277,
    "displayName": "BrakeEventClassifierCaret-1543436207343",
    "env": [],
    "fileName": "BrakeEventClassifierCaret-batch-scoring-1543436207343.R",
    "jobId": "ed1965aa695092be",
    "jobName": "brakeeventclassifiercaret-1543436207343",
    "mainScript": [
      "Rscript --no-init-file",
      "scripts/BrakeEventClassifierCaret-batch-scoring-1543436207343.R"
    ],
    "remoteOptions": [],
    "runtimeEnvironment": "rstudio-worker",
    "scheduleDescription": "On demand",
    "targetHost": "",
    "type": "Batch scoring"
  },
  {
    "args": [],
    "author": "999",
    "dateCreated": 1543441277,
    "displayName": "BrakeEventClassifierCaret-1543441287069",
    "env": [],
    "fileName": "BrakeEventClassifierCaret-model-evaluation-1543441287069.R",
    "jobId": "39e92b302fe3f382",
    "jobName": "brakeeventclassifiercaret-1543441287069",
    "mainScript": [
      "Rscript --no-init-file",
      "scripts/BrakeEventClassifierCaret-model-evaluation-1543441287069.R"
    ],
    "remoteOptions": [],
    "runtimeEnvironment": "rstudio-worker",
    "scheduleDescription": "On demand",
    "targetHost": "",
    "type": "Model evaluation"
  }
]