{
  "paragraphs": [
    {
      "text": "%md\n## Predicting Customer Churn in Telco\n\nIn this notebook you will learn how to build a predictive model with Spark machine learning API (SparkML) and deploy it for scoring in Machine Learning (ML). \n\nThis notebook walks you through these steps:\n- Build a model with SparkML API\n- Save the model in the ML repository\n- Create a Deployment in ML (via UI)\n- Test the model (via UI)\n- Test the model (via REST API)\n\n### Use Case\nThe analytics use case implemented in this notebook is telco churn. While it\u0027s a simple use case, it implements all steps from the CRISP-DM methodolody, which is the recommended best practice for implementing predictive analytics. \n\u003ccenter\u003e![CRISP-DM](https://raw.githubusercontent.com/yfphoon/dsx_demo/master/crisp_dm.png)\u003c/center\u003e\n\nThe analytics process starts with defining the business problem and identifying the data that can be used to solve the problem. For Telco churn, we use demographic and historical transaction data. We also know which customers have churned, which is the critical information for building predictive models. In the next step, we use visual APIs for data understanding and complete some data preparation tasks. In a typical analytics project data preparation will include more steps (for example, formatting data or deriving new variables). \n\nOnce the data is ready, we can build a predictive model. In our example we are using the SparkML Random Forrest classification model. Classification is a statistical technique which assigns a \"class\" to each customer record (for our use case \"churn\" or \"no churn\"). Classification models use historical data to come up with the logic to predict \"class\", this process is called model training. After the model is created, it\u0027s usually evaluated using another data set. \n\nFinally, if the model\u0027s accuracy meets the expectations, it can be deployed for scoring. Scoring is the process of applying the model to a new set of data. For example, when we receive new transactional data, we can score the customer for the risk of churn.  \n\nWe also developed a sample Python Flask application to illustrate deployment: http://predictcustomerchurn.mybluemix.net/. This application implements the REST client call to the model.",
      "user": "elowery@us.ibm.com",
      "dateUpdated": "Dec 29, 2017 5:08:37 PM",
      "config": {
        "tableHide": false,
        "editorSetting": {
          "editOnDblClick": true,
          "language": "markdown"
        },
        "colWidth": 12.0,
        "editorMode": "ace/mode/markdown",
        "editorHide": true,
        "results": {},
        "enabled": true
      },
      "settings": {
        "params": {},
        "forms": {}
      },
      "results": {
        "code": "SUCCESS",
        "msg": [
          {
            "type": "HTML",
            "data": "\u003cdiv class\u003d\"markdown-body\"\u003e\n\u003ch2\u003ePredicting Customer Churn in Telco\u003c/h2\u003e\n\u003cp\u003eIn this notebook you will learn how to build a predictive model with Spark machine learning API (SparkML) and deploy it for scoring in Machine Learning (ML). \u003c/p\u003e\n\u003cp\u003eThis notebook walks you through these steps:\u003cbr/\u003e- Build a model with SparkML API\u003cbr/\u003e- Save the model in the ML repository\u003cbr/\u003e- Create a Deployment in ML (via UI)\u003cbr/\u003e- Test the model (via UI)\u003cbr/\u003e- Test the model (via REST API)\u003c/p\u003e\n\u003ch3\u003eUse Case\u003c/h3\u003e\n\u003cp\u003eThe analytics use case implemented in this notebook is telco churn. While it\u0026rsquo;s a simple use case, it implements all steps from the CRISP-DM methodolody, which is the recommended best practice for implementing predictive analytics.\u003cbr/\u003e\u003ccenter\u003e\u003cimg src\u003d\"https://raw.githubusercontent.com/yfphoon/dsx_demo/master/crisp_dm.png\" alt\u003d\"CRISP-DM\" /\u003e\u003c/center\u003e\u003c/p\u003e\n\u003cp\u003eThe analytics process starts with defining the business problem and identifying the data that can be used to solve the problem. For Telco churn, we use demographic and historical transaction data. We also know which customers have churned, which is the critical information for building predictive models. In the next step, we use visual APIs for data understanding and complete some data preparation tasks. In a typical analytics project data preparation will include more steps (for example, formatting data or deriving new variables). \u003c/p\u003e\n\u003cp\u003eOnce the data is ready, we can build a predictive model. In our example we are using the SparkML Random Forrest classification model. Classification is a statistical technique which assigns a \u0026ldquo;class\u0026rdquo; to each customer record (for our use case \u0026ldquo;churn\u0026rdquo; or \u0026ldquo;no churn\u0026rdquo;). Classification models use historical data to come up with the logic to predict \u0026ldquo;class\u0026rdquo;, this process is called model training. After the model is created, it\u0026rsquo;s usually evaluated using another data set. \u003c/p\u003e\n\u003cp\u003eFinally, if the model\u0026rsquo;s accuracy meets the expectations, it can be deployed for scoring. Scoring is the process of applying the model to a new set of data. For example, when we receive new transactional data, we can score the customer for the risk of churn. \u003c/p\u003e\n\u003cp\u003eWe also developed a sample Python Flask application to illustrate deployment: \u003ca href\u003d\"http://predictcustomerchurn.mybluemix.net/\"\u003ehttp://predictcustomerchurn.mybluemix.net/\u003c/a\u003e. This application implements the REST client call to the model.\u003c/p\u003e\n\u003c/div\u003e"
          }
        ]
      },
      "apps": [],
      "jobName": "paragraph_1514565062764_1034426039",
      "id": "20171214-013817_399742302",
      "dateCreated": "Dec 29, 2017 4:31:02 PM",
      "dateStarted": "Dec 29, 2017 5:08:37 PM",
      "dateFinished": "Dec 29, 2017 5:08:37 PM",
      "status": "FINISHED",
      "progressUpdateIntervalMs": 500
    },
    {
      "text": "%md\n### Step 1: Load Data",
      "user": "elowery@us.ibm.com",
      "dateUpdated": "Dec 29, 2017 5:08:37 PM",
      "config": {
        "lineNumbers": false,
        "tableHide": false,
        "editorSetting": {
          "editOnDblClick": true,
          "language": "markdown"
        },
        "colWidth": 12.0,
        "editorMode": "ace/mode/markdown",
        "editorHide": true,
        "results": {},
        "enabled": true
      },
      "settings": {
        "params": {},
        "forms": {}
      },
      "results": {
        "code": "SUCCESS",
        "msg": [
          {
            "type": "HTML",
            "data": "\u003cdiv class\u003d\"markdown-body\"\u003e\n\u003ch3\u003eStep 1: Load Data\u003c/h3\u003e\n\u003c/div\u003e"
          }
        ]
      },
      "apps": [],
      "jobName": "paragraph_1514565062794_1122918286",
      "id": "20171216-051104_1077485435",
      "dateCreated": "Dec 29, 2017 4:31:02 PM",
      "dateStarted": "Dec 29, 2017 5:08:37 PM",
      "dateFinished": "Dec 29, 2017 5:08:37 PM",
      "status": "FINISHED",
      "progressUpdateIntervalMs": 500
    },
    {
      "title": "",
      "text": "%spark.pyspark\r\n\r\nfrom pyspark.sql import SparkSession\r\n# Add asset from file system\r\nspark \u003d SparkSession.builder.getOrCreate()\r\ncustomer \u003d spark.read.csv(\u0027./datasets/customer.csv\u0027, header\u003d\u0027true\u0027, inferSchema \u003d \u0027true\u0027)\r\ncustomer.show(5)\r\n",
      "user": "elowery@us.ibm.com",
      "dateUpdated": "Dec 29, 2017 5:08:37 PM",
      "config": {
        "lineNumbers": true,
        "editorSetting": {
          "editOnDblClick": false,
          "language": "python"
        },
        "colWidth": 12.0,
        "editorMode": "ace/mode/python",
        "editorHide": false,
        "results": {},
        "enabled": true
      },
      "settings": {
        "params": {},
        "forms": {}
      },
      "results": {
        "code": "SUCCESS",
        "msg": [
          {
            "type": "TEXT",
            "data": "+---+------+------+--------+----------+---------+---------+------------+-------------+------+-------+---------+-------------+--------------------+------+--------+\n| ID|Gender|Status|Children|Est Income|Car Owner|      Age|LongDistance|International| Local|Dropped|Paymethod|LocalBilltype|LongDistanceBilltype| Usage|RatePlan|\n+---+------+------+--------+----------+---------+---------+------------+-------------+------+-------+---------+-------------+--------------------+------+--------+\n|  1|     F|     S|     1.0|   38000.0|        N|24.393333|       23.56|          0.0|206.08|    0.0|       CC|       Budget|      Intnl_discount|229.64|     3.0|\n|  6|     M|     M|     2.0|   29616.0|        N|49.426667|       29.78|          0.0|  45.5|    0.0|       CH|    FreeLocal|            Standard| 75.29|     2.0|\n|  8|     M|     M|     0.0|   19732.8|        N|50.673333|       24.81|          0.0| 22.44|    0.0|       CC|    FreeLocal|            Standard| 47.25|     3.0|\n| 11|     M|     S|     2.0|     96.33|        N|56.473333|       26.13|          0.0| 32.88|    1.0|       CC|       Budget|            Standard| 59.01|     1.0|\n| 14|     F|     M|     2.0|   52004.8|        N|    25.14|        5.03|          0.0| 23.11|    0.0|       CH|       Budget|      Intnl_discount| 28.14|     1.0|\n+---+------+------+--------+----------+---------+---------+------------+-------------+------+-------+---------+-------------+--------------------+------+--------+\nonly showing top 5 rows\n\n"
          }
        ]
      },
      "apps": [],
      "jobName": "paragraph_1514565062794_1122918286",
      "id": "20171213-233843_297327902",
      "dateCreated": "Dec 29, 2017 4:31:02 PM",
      "dateStarted": "Dec 29, 2017 5:08:37 PM",
      "dateFinished": "Dec 29, 2017 5:08:38 PM",
      "status": "FINISHED",
      "progressUpdateIntervalMs": 500
    },
    {
      "title": "",
      "text": "%spark.pyspark\r\n\r\nfrom pyspark.sql import SparkSession\r\n# Add asset from file system\r\nspark \u003d SparkSession.builder.getOrCreate()\r\nchurn \u003d spark.read.csv(\u0027./datasets/churn.csv\u0027, header\u003d\u0027true\u0027, inferSchema \u003d \u0027true\u0027)\r\nchurn.show(5)\r\n",
      "user": "elowery@us.ibm.com",
      "dateUpdated": "Dec 29, 2017 5:08:37 PM",
      "config": {
        "editorSetting": {
          "editOnDblClick": false,
          "language": "python"
        },
        "colWidth": 12.0,
        "editorMode": "ace/mode/python",
        "editorHide": false,
        "results": {},
        "enabled": true
      },
      "settings": {
        "params": {},
        "forms": {}
      },
      "results": {
        "code": "SUCCESS",
        "msg": [
          {
            "type": "TEXT",
            "data": "+---+-----+\n| ID|CHURN|\n+---+-----+\n|  1|    T|\n|  6|    F|\n|  8|    F|\n| 11|    F|\n| 14|    F|\n+---+-----+\nonly showing top 5 rows\n\n"
          }
        ]
      },
      "apps": [],
      "jobName": "paragraph_1514565062795_1122533538",
      "id": "20171213-234011_1877573928",
      "dateCreated": "Dec 29, 2017 4:31:02 PM",
      "dateStarted": "Dec 29, 2017 5:08:38 PM",
      "dateFinished": "Dec 29, 2017 5:08:39 PM",
      "status": "FINISHED",
      "progressUpdateIntervalMs": 500
    },
    {
      "text": "%md\n### Step 2: Merge Files",
      "user": "elowery@us.ibm.com",
      "dateUpdated": "Dec 29, 2017 5:08:37 PM",
      "config": {
        "tableHide": false,
        "editorSetting": {
          "editOnDblClick": true,
          "language": "markdown"
        },
        "colWidth": 12.0,
        "editorMode": "ace/mode/markdown",
        "editorHide": true,
        "results": {},
        "enabled": true
      },
      "settings": {
        "params": {},
        "forms": {}
      },
      "results": {
        "code": "SUCCESS",
        "msg": [
          {
            "type": "HTML",
            "data": "\u003cdiv class\u003d\"markdown-body\"\u003e\n\u003ch3\u003eStep 2: Merge Files\u003c/h3\u003e\n\u003c/div\u003e"
          }
        ]
      },
      "apps": [],
      "jobName": "paragraph_1514565062795_1122533538",
      "id": "20171216-051502_1142500346",
      "dateCreated": "Dec 29, 2017 4:31:02 PM",
      "dateStarted": "Dec 29, 2017 5:08:38 PM",
      "dateFinished": "Dec 29, 2017 5:08:38 PM",
      "status": "FINISHED",
      "progressUpdateIntervalMs": 500
    },
    {
      "text": "%spark.pyspark\ndata\u003dcustomer.join(churn,customer[\u0027ID\u0027]\u003d\u003dchurn[\u0027ID\u0027]).select(customer[\u0027*\u0027],churn[\u0027CHURN\u0027])",
      "user": "elowery@us.ibm.com",
      "dateUpdated": "Dec 29, 2017 5:08:38 PM",
      "config": {
        "editorSetting": {
          "editOnDblClick": false,
          "language": "python"
        },
        "colWidth": 12.0,
        "editorMode": "ace/mode/python",
        "editorHide": false,
        "results": {},
        "enabled": true
      },
      "settings": {
        "params": {},
        "forms": {}
      },
      "results": {
        "code": "SUCCESS",
        "msg": []
      },
      "apps": [],
      "jobName": "paragraph_1514565062795_1122533538",
      "id": "20171213-234124_465356593",
      "dateCreated": "Dec 29, 2017 4:31:02 PM",
      "dateStarted": "Dec 29, 2017 5:08:38 PM",
      "dateFinished": "Dec 29, 2017 5:08:39 PM",
      "status": "FINISHED",
      "progressUpdateIntervalMs": 500
    },
    {
      "text": "%md\n### Step 3: Rename some columns",
      "user": "elowery@us.ibm.com",
      "dateUpdated": "Dec 29, 2017 5:08:38 PM",
      "config": {
        "tableHide": false,
        "editorSetting": {
          "editOnDblClick": true,
          "language": "markdown"
        },
        "colWidth": 12.0,
        "editorMode": "ace/mode/markdown",
        "editorHide": true,
        "results": {},
        "enabled": true
      },
      "settings": {
        "params": {},
        "forms": {}
      },
      "results": {
        "code": "SUCCESS",
        "msg": [
          {
            "type": "HTML",
            "data": "\u003cdiv class\u003d\"markdown-body\"\u003e\n\u003ch3\u003eStep 3: Rename some columns\u003c/h3\u003e\n\u003c/div\u003e"
          }
        ]
      },
      "apps": [],
      "jobName": "paragraph_1514565062795_1122533538",
      "id": "20171216-051917_957183692",
      "dateCreated": "Dec 29, 2017 4:31:02 PM",
      "dateStarted": "Dec 29, 2017 5:08:38 PM",
      "dateFinished": "Dec 29, 2017 5:08:38 PM",
      "status": "FINISHED",
      "progressUpdateIntervalMs": 500
    },
    {
      "text": "%spark.pyspark\ndata \u003d data.withColumnRenamed(\"Est Income\", \"EstIncome\").withColumnRenamed(\"Car Owner\",\"CarOwner\")\ndata.show()",
      "user": "elowery@us.ibm.com",
      "dateUpdated": "Dec 29, 2017 5:08:38 PM",
      "config": {
        "editorSetting": {
          "editOnDblClick": false,
          "language": "python"
        },
        "colWidth": 12.0,
        "editorMode": "ace/mode/python",
        "editorHide": false,
        "results": {},
        "enabled": true
      },
      "settings": {
        "params": {},
        "forms": {}
      },
      "results": {
        "code": "SUCCESS",
        "msg": [
          {
            "type": "TEXT",
            "data": "+---+------+------+--------+---------+--------+---------+------------+-------------+------+-------+---------+-------------+--------------------+------+--------+-----+\n| ID|Gender|Status|Children|EstIncome|CarOwner|      Age|LongDistance|International| Local|Dropped|Paymethod|LocalBilltype|LongDistanceBilltype| Usage|RatePlan|CHURN|\n+---+------+------+--------+---------+--------+---------+------------+-------------+------+-------+---------+-------------+--------------------+------+--------+-----+\n|  1|     F|     S|     1.0|  38000.0|       N|24.393333|       23.56|          0.0|206.08|    0.0|       CC|       Budget|      Intnl_discount|229.64|     3.0|    T|\n|  6|     M|     M|     2.0|  29616.0|       N|49.426667|       29.78|          0.0|  45.5|    0.0|       CH|    FreeLocal|            Standard| 75.29|     2.0|    F|\n|  8|     M|     M|     0.0|  19732.8|       N|50.673333|       24.81|          0.0| 22.44|    0.0|       CC|    FreeLocal|            Standard| 47.25|     3.0|    F|\n| 11|     M|     S|     2.0|    96.33|       N|56.473333|       26.13|          0.0| 32.88|    1.0|       CC|       Budget|            Standard| 59.01|     1.0|    F|\n| 14|     F|     M|     2.0|  52004.8|       N|    25.14|        5.03|          0.0| 23.11|    0.0|       CH|       Budget|      Intnl_discount| 28.14|     1.0|    F|\n| 17|     M|     M|     2.0|  53010.8|       N|    18.84|       12.45|          0.0| 46.42|    4.0|       CC|    FreeLocal|            Standard| 58.87|     1.0|    F|\n| 18|     M|     M|     1.0|  75004.5|       N|     64.8|       26.52|          0.0| 32.19|    0.0|       CC|       Budget|      Intnl_discount| 58.72|     1.0|    F|\n| 21|     M|     M|     0.0|  19749.3|       N|60.366667|       20.22|          0.0| 13.94|    0.0|       CC|       Budget|            Standard| 34.17|     3.0|    F|\n| 22|     M|     S|     1.0|  57626.9|       Y|43.906667|        9.38|          0.0| 38.96|    0.0|       CC|       Budget|            Standard| 48.35|     2.0|    F|\n| 23|     M|     M|     2.0|  20078.0|       N|32.846667|        9.65|          0.0|  6.33|    0.0|       CC|       Budget|      Intnl_discount| 15.98|     4.0|    F|\n| 24|     F|     M|     2.0|  47902.0|       N|26.033333|       17.44|         4.94| 49.92|    1.0|     Auto|    FreeLocal|            Standard| 72.31|     2.0|    F|\n| 29|     M|     M|     1.0|  7545.96|       Y|16.753333|       22.39|          0.0|178.36|    0.0|       CC|       Budget|            Standard|200.75|     3.0|    T|\n| 35|     F|     S|     0.0|  78851.3|       N|48.373333|        0.37|          0.0| 28.66|    0.0|       CC|    FreeLocal|            Standard| 29.04|     4.0|    T|\n| 36|     F|     S|     1.0|  17540.7|       Y|62.786667|       22.17|         0.57| 13.45|    0.0|     Auto|       Budget|            Standard|  36.2|     4.0|    T|\n| 37|     F|     M|     0.0|  83891.9|       Y|    61.02|       28.92|          0.0| 45.47|    0.0|       CH|       Budget|            Standard|  74.4|     4.0|    T|\n| 38|     F|     M|     2.0|  28220.8|       N|38.766667|       26.49|          0.0| 12.46|    0.0|       CC|    FreeLocal|            Standard| 38.95|     4.0|    T|\n| 40|     F|     S|     0.0|  28589.1|       N|     15.6|       13.19|          0.0| 87.09|    0.0|       CC|    FreeLocal|            Standard|100.28|     4.0|    T|\n| 42|     F|     M|     2.0|  5237.63|       N|48.753333|       13.32|         8.05| 56.64|    0.0|       CC|       Budget|            Standard| 78.02|     2.0|    F|\n| 45|     M|     S|     2.0|  89459.9|       N|    53.28|       11.54|         1.61|  22.9|    0.0|       CC|    FreeLocal|            Standard| 36.05|     2.0|    T|\n| 48|     F|     S|     1.0|  13576.5|       N|39.426667|       14.83|          0.0| 25.66|    0.0|       CC|       Budget|            Standard| 40.49|     1.0|    T|\n+---+------+------+--------+---------+--------+---------+------------+-------------+------+-------+---------+-------------+--------------------+------+--------+-----+\nonly showing top 20 rows\n\n"
          }
        ]
      },
      "apps": [],
      "jobName": "paragraph_1514565062796_1120609793",
      "id": "20171213-234201_535748231",
      "dateCreated": "Dec 29, 2017 4:31:02 PM",
      "dateStarted": "Dec 29, 2017 5:08:39 PM",
      "dateFinished": "Dec 29, 2017 5:08:40 PM",
      "status": "FINISHED",
      "progressUpdateIntervalMs": 500
    },
    {
      "text": "%md\n\n### Step 4: Data Understanding\n\nZeppelin has a built-in query and visualization tool for querying Spark SQL tables. Use the %sql interpreter",
      "user": "elowery@us.ibm.com",
      "dateUpdated": "Dec 29, 2017 5:08:38 PM",
      "config": {
        "tableHide": false,
        "editorSetting": {
          "editOnDblClick": true,
          "language": "markdown"
        },
        "colWidth": 12.0,
        "editorMode": "ace/mode/markdown",
        "editorHide": true,
        "results": {},
        "enabled": true
      },
      "settings": {
        "params": {},
        "forms": {}
      },
      "results": {
        "code": "SUCCESS",
        "msg": [
          {
            "type": "HTML",
            "data": "\u003cdiv class\u003d\"markdown-body\"\u003e\n\u003ch3\u003eStep 4: Data Understanding\u003c/h3\u003e\n\u003cp\u003eZeppelin has a built-in query and visualization tool for querying Spark SQL tables. Use the %sql interpreter\u003c/p\u003e\n\u003c/div\u003e"
          }
        ]
      },
      "apps": [],
      "jobName": "paragraph_1514565062796_1120609793",
      "id": "20171214-012032_443123673",
      "dateCreated": "Dec 29, 2017 4:31:02 PM",
      "dateStarted": "Dec 29, 2017 5:08:38 PM",
      "dateFinished": "Dec 29, 2017 5:08:38 PM",
      "status": "FINISHED",
      "progressUpdateIntervalMs": 500
    },
    {
      "text": "%spark.pyspark\ndata.createOrReplaceTempView(\"data\")",
      "user": "elowery@us.ibm.com",
      "dateUpdated": "Dec 29, 2017 5:08:38 PM",
      "config": {
        "colWidth": 12.0,
        "editorMode": "ace/mode/python",
        "results": {},
        "enabled": true,
        "editorSetting": {
          "editOnDblClick": false,
          "language": "python"
        }
      },
      "settings": {
        "params": {},
        "forms": {}
      },
      "results": {
        "code": "SUCCESS",
        "msg": []
      },
      "apps": [],
      "jobName": "paragraph_1514565062796_1120609793",
      "id": "20171217-224554_1687836948",
      "dateCreated": "Dec 29, 2017 4:31:02 PM",
      "dateStarted": "Dec 29, 2017 5:08:39 PM",
      "dateFinished": "Dec 29, 2017 5:08:40 PM",
      "status": "FINISHED",
      "progressUpdateIntervalMs": 500
    },
    {
      "text": "%sql\nselect CHURN, LocalBilltype, avg(EstIncome) from data GROUP BY CHURN, LocalBillType ",
      "user": "elowery@us.ibm.com",
      "dateUpdated": "Dec 29, 2017 5:08:38 PM",
      "config": {
        "colWidth": 6.0,
        "editorMode": "ace/mode/sql",
        "results": {
          "0": {
            "graph": {
              "mode": "multiBarChart",
              "height": 302.0,
              "optionOpen": false,
              "setting": {
                "multiBarChart": {
                  "stacked": true
                }
              },
              "commonSetting": {},
              "keys": [
                {
                  "name": "CHURN",
                  "index": 0.0,
                  "aggr": "sum"
                }
              ],
              "groups": [
                {
                  "name": "LocalBilltype",
                  "index": 1.0,
                  "aggr": "sum"
                }
              ],
              "values": [
                {
                  "name": "avg(EstIncome)",
                  "index": 2.0,
                  "aggr": "sum"
                }
              ]
            },
            "helium": {}
          }
        },
        "enabled": true,
        "editorSetting": {
          "editOnDblClick": false,
          "language": "sql"
        }
      },
      "settings": {
        "params": {},
        "forms": {}
      },
      "results": {
        "code": "ERROR",
        "msg": [
          {
            "type": "TEXT",
            "data": "java.net.ConnectException: Connection refused (Connection refused)\n\tat java.net.PlainSocketImpl.socketConnect(Native Method)\n\tat java.net.AbstractPlainSocketImpl.doConnect(AbstractPlainSocketImpl.java:350)\n\tat java.net.AbstractPlainSocketImpl.connectToAddress(AbstractPlainSocketImpl.java:206)\n\tat java.net.AbstractPlainSocketImpl.connect(AbstractPlainSocketImpl.java:188)\n\tat java.net.SocksSocketImpl.connect(SocksSocketImpl.java:392)\n\tat java.net.Socket.connect(Socket.java:589)\n\tat java.net.Socket.connect(Socket.java:538)\n\tat sun.net.NetworkClient.doConnect(NetworkClient.java:180)\n\tat sun.net.www.http.HttpClient.openServer(HttpClient.java:463)\n\tat sun.net.www.http.HttpClient.openServer(HttpClient.java:558)\n\tat sun.net.www.http.HttpClient.\u003cinit\u003e(HttpClient.java:242)\n\tat sun.net.www.http.HttpClient.New(HttpClient.java:339)\n\tat sun.net.www.http.HttpClient.New(HttpClient.java:357)\n\tat sun.net.www.protocol.http.HttpURLConnection.getNewHttpClient(HttpURLConnection.java:1202)\n\tat sun.net.www.protocol.http.HttpURLConnection.plainConnect0(HttpURLConnection.java:1138)\n\tat sun.net.www.protocol.http.HttpURLConnection.plainConnect(HttpURLConnection.java:1032)\n\tat sun.net.www.protocol.http.HttpURLConnection.connect(HttpURLConnection.java:966)\n\tat org.springframework.http.client.SimpleBufferingClientHttpRequest.executeInternal(SimpleBufferingClientHttpRequest.java:78)\n\tat org.springframework.http.client.AbstractBufferingClientHttpRequest.executeInternal(AbstractBufferingClientHttpRequest.java:48)\n\tat org.springframework.http.client.AbstractClientHttpRequest.execute(AbstractClientHttpRequest.java:53)\n\tat org.springframework.web.client.RestTemplate.doExecute(RestTemplate.java:619)\n\tat org.springframework.web.client.RestTemplate.execute(RestTemplate.java:580)\n\tat org.springframework.web.client.RestTemplate.exchange(RestTemplate.java:498)\n\tat org.apache.zeppelin.livy.BaseLivyInterpreter.callRestAPI(BaseLivyInterpreter.java:619)\n\tat org.apache.zeppelin.livy.BaseLivyInterpreter.callRestAPI(BaseLivyInterpreter.java:599)\n\tat org.apache.zeppelin.livy.BaseLivyInterpreter.getLivyVersion(BaseLivyInterpreter.java:395)\n\tat org.apache.zeppelin.livy.LivySharedInterpreter.open(LivySharedInterpreter.java:47)\n\tat org.apache.zeppelin.interpreter.LazyOpenInterpreter.open(LazyOpenInterpreter.java:69)\n\tat org.apache.zeppelin.livy.BaseLivyInterpreter.getLivySharedInterpreter(BaseLivyInterpreter.java:165)\n\tat org.apache.zeppelin.livy.BaseLivyInterpreter.open(BaseLivyInterpreter.java:139)\n\tat org.apache.zeppelin.interpreter.LazyOpenInterpreter.open(LazyOpenInterpreter.java:69)\n\tat org.apache.zeppelin.livy.LivySparkSQLInterpreter.getSparkInterpreter(LivySparkSQLInterpreter.java:127)\n\tat org.apache.zeppelin.livy.LivySparkSQLInterpreter.open(LivySparkSQLInterpreter.java:67)\n\tat org.apache.zeppelin.interpreter.LazyOpenInterpreter.open(LazyOpenInterpreter.java:69)\n\tat org.apache.zeppelin.interpreter.remote.RemoteInterpreterServer$InterpretJob.jobRun(RemoteInterpreterServer.java:493)\n\tat org.apache.zeppelin.scheduler.Job.run(Job.java:175)\n\tat org.apache.zeppelin.scheduler.FIFOScheduler$1.run(FIFOScheduler.java:139)\n\tat java.util.concurrent.Executors$RunnableAdapter.call(Executors.java:511)\n\tat java.util.concurrent.FutureTask.run(FutureTask.java:266)\n\tat java.util.concurrent.ScheduledThreadPoolExecutor$ScheduledFutureTask.access$201(ScheduledThreadPoolExecutor.java:180)\n\tat java.util.concurrent.ScheduledThreadPoolExecutor$ScheduledFutureTask.run(ScheduledThreadPoolExecutor.java:293)\n\tat java.util.concurrent.ThreadPoolExecutor.runWorker(ThreadPoolExecutor.java:1142)\n\tat java.util.concurrent.ThreadPoolExecutor$Worker.run(ThreadPoolExecutor.java:617)\n\tat java.lang.Thread.run(Thread.java:748)\n"
          }
        ]
      },
      "apps": [],
      "jobName": "paragraph_1514565062797_1120225044",
      "id": "20171217-224927_406860466",
      "dateCreated": "Dec 29, 2017 4:31:02 PM",
      "dateStarted": "Dec 29, 2017 5:08:38 PM",
      "dateFinished": "Dec 29, 2017 5:08:38 PM",
      "status": "ERROR",
      "progressUpdateIntervalMs": 500
    },
    {
      "text": "%sql\nselect Paymethod, count(1) value from data Group By Paymethod\n",
      "user": "elowery@us.ibm.com",
      "dateUpdated": "Dec 29, 2017 5:08:38 PM",
      "config": {
        "colWidth": 6.0,
        "editorMode": "ace/mode/sql",
        "results": {
          "0": {
            "graph": {
              "mode": "pieChart",
              "height": 300.0,
              "optionOpen": false
            },
            "helium": {}
          }
        },
        "enabled": true,
        "editorSetting": {
          "language": "sql",
          "editOnDblClick": false
        }
      },
      "settings": {
        "params": {},
        "forms": {}
      },
      "results": {
        "code": "ERROR",
        "msg": [
          {
            "type": "TEXT",
            "data": "java.net.ConnectException: Connection refused (Connection refused)\n\tat java.net.PlainSocketImpl.socketConnect(Native Method)\n\tat java.net.AbstractPlainSocketImpl.doConnect(AbstractPlainSocketImpl.java:350)\n\tat java.net.AbstractPlainSocketImpl.connectToAddress(AbstractPlainSocketImpl.java:206)\n\tat java.net.AbstractPlainSocketImpl.connect(AbstractPlainSocketImpl.java:188)\n\tat java.net.SocksSocketImpl.connect(SocksSocketImpl.java:392)\n\tat java.net.Socket.connect(Socket.java:589)\n\tat java.net.Socket.connect(Socket.java:538)\n\tat sun.net.NetworkClient.doConnect(NetworkClient.java:180)\n\tat sun.net.www.http.HttpClient.openServer(HttpClient.java:463)\n\tat sun.net.www.http.HttpClient.openServer(HttpClient.java:558)\n\tat sun.net.www.http.HttpClient.\u003cinit\u003e(HttpClient.java:242)\n\tat sun.net.www.http.HttpClient.New(HttpClient.java:339)\n\tat sun.net.www.http.HttpClient.New(HttpClient.java:357)\n\tat sun.net.www.protocol.http.HttpURLConnection.getNewHttpClient(HttpURLConnection.java:1202)\n\tat sun.net.www.protocol.http.HttpURLConnection.plainConnect0(HttpURLConnection.java:1138)\n\tat sun.net.www.protocol.http.HttpURLConnection.plainConnect(HttpURLConnection.java:1032)\n\tat sun.net.www.protocol.http.HttpURLConnection.connect(HttpURLConnection.java:966)\n\tat org.springframework.http.client.SimpleBufferingClientHttpRequest.executeInternal(SimpleBufferingClientHttpRequest.java:78)\n\tat org.springframework.http.client.AbstractBufferingClientHttpRequest.executeInternal(AbstractBufferingClientHttpRequest.java:48)\n\tat org.springframework.http.client.AbstractClientHttpRequest.execute(AbstractClientHttpRequest.java:53)\n\tat org.springframework.web.client.RestTemplate.doExecute(RestTemplate.java:619)\n\tat org.springframework.web.client.RestTemplate.execute(RestTemplate.java:580)\n\tat org.springframework.web.client.RestTemplate.exchange(RestTemplate.java:498)\n\tat org.apache.zeppelin.livy.BaseLivyInterpreter.callRestAPI(BaseLivyInterpreter.java:619)\n\tat org.apache.zeppelin.livy.BaseLivyInterpreter.callRestAPI(BaseLivyInterpreter.java:599)\n\tat org.apache.zeppelin.livy.BaseLivyInterpreter.getLivyVersion(BaseLivyInterpreter.java:395)\n\tat org.apache.zeppelin.livy.LivySharedInterpreter.open(LivySharedInterpreter.java:47)\n\tat org.apache.zeppelin.interpreter.LazyOpenInterpreter.open(LazyOpenInterpreter.java:69)\n\tat org.apache.zeppelin.livy.BaseLivyInterpreter.getLivySharedInterpreter(BaseLivyInterpreter.java:165)\n\tat org.apache.zeppelin.livy.BaseLivyInterpreter.open(BaseLivyInterpreter.java:139)\n\tat org.apache.zeppelin.interpreter.LazyOpenInterpreter.open(LazyOpenInterpreter.java:69)\n\tat org.apache.zeppelin.livy.LivySparkSQLInterpreter.getSparkInterpreter(LivySparkSQLInterpreter.java:127)\n\tat org.apache.zeppelin.livy.LivySparkSQLInterpreter.open(LivySparkSQLInterpreter.java:67)\n\tat org.apache.zeppelin.interpreter.LazyOpenInterpreter.open(LazyOpenInterpreter.java:69)\n\tat org.apache.zeppelin.interpreter.remote.RemoteInterpreterServer$InterpretJob.jobRun(RemoteInterpreterServer.java:493)\n\tat org.apache.zeppelin.scheduler.Job.run(Job.java:175)\n\tat org.apache.zeppelin.scheduler.FIFOScheduler$1.run(FIFOScheduler.java:139)\n\tat java.util.concurrent.Executors$RunnableAdapter.call(Executors.java:511)\n\tat java.util.concurrent.FutureTask.run(FutureTask.java:266)\n\tat java.util.concurrent.ScheduledThreadPoolExecutor$ScheduledFutureTask.access$201(ScheduledThreadPoolExecutor.java:180)\n\tat java.util.concurrent.ScheduledThreadPoolExecutor$ScheduledFutureTask.run(ScheduledThreadPoolExecutor.java:293)\n\tat java.util.concurrent.ThreadPoolExecutor.runWorker(ThreadPoolExecutor.java:1142)\n\tat java.util.concurrent.ThreadPoolExecutor$Worker.run(ThreadPoolExecutor.java:617)\n\tat java.lang.Thread.run(Thread.java:748)\n"
          }
        ]
      },
      "apps": [],
      "jobName": "paragraph_1514565062797_1120225044",
      "id": "20171228-203915_74519789",
      "dateCreated": "Dec 29, 2017 4:31:02 PM",
      "dateStarted": "Dec 29, 2017 5:08:39 PM",
      "dateFinished": "Dec 29, 2017 5:08:39 PM",
      "status": "ERROR",
      "progressUpdateIntervalMs": 500
    },
    {
      "text": "%sql\nselect Age, count(1) value from data where Age\u003c${maxAge\u003d50} group by Age order by Age",
      "user": "elowery@us.ibm.com",
      "dateUpdated": "Dec 29, 2017 5:08:39 PM",
      "config": {
        "colWidth": 6.0,
        "editorMode": "ace/mode/sql",
        "results": {
          "0": {
            "graph": {
              "mode": "multiBarChart",
              "height": 300.0,
              "optionOpen": false,
              "setting": {
                "multiBarChart": {}
              },
              "commonSetting": {},
              "keys": [
                {
                  "name": "Age",
                  "index": 0.0,
                  "aggr": "sum"
                }
              ],
              "groups": [],
              "values": [
                {
                  "name": "value",
                  "index": 1.0,
                  "aggr": "sum"
                }
              ]
            },
            "helium": {}
          }
        },
        "enabled": true,
        "editorSetting": {
          "language": "sql",
          "editOnDblClick": false
        }
      },
      "settings": {
        "params": {
          "maxAge": "50"
        },
        "forms": {
          "maxAge": {
            "name": "maxAge",
            "defaultValue": "50",
            "hidden": false
          }
        }
      },
      "results": {
        "code": "ERROR",
        "msg": [
          {
            "type": "TEXT",
            "data": "java.net.ConnectException: Connection refused (Connection refused)\n\tat java.net.PlainSocketImpl.socketConnect(Native Method)\n\tat java.net.AbstractPlainSocketImpl.doConnect(AbstractPlainSocketImpl.java:350)\n\tat java.net.AbstractPlainSocketImpl.connectToAddress(AbstractPlainSocketImpl.java:206)\n\tat java.net.AbstractPlainSocketImpl.connect(AbstractPlainSocketImpl.java:188)\n\tat java.net.SocksSocketImpl.connect(SocksSocketImpl.java:392)\n\tat java.net.Socket.connect(Socket.java:589)\n\tat java.net.Socket.connect(Socket.java:538)\n\tat sun.net.NetworkClient.doConnect(NetworkClient.java:180)\n\tat sun.net.www.http.HttpClient.openServer(HttpClient.java:463)\n\tat sun.net.www.http.HttpClient.openServer(HttpClient.java:558)\n\tat sun.net.www.http.HttpClient.\u003cinit\u003e(HttpClient.java:242)\n\tat sun.net.www.http.HttpClient.New(HttpClient.java:339)\n\tat sun.net.www.http.HttpClient.New(HttpClient.java:357)\n\tat sun.net.www.protocol.http.HttpURLConnection.getNewHttpClient(HttpURLConnection.java:1202)\n\tat sun.net.www.protocol.http.HttpURLConnection.plainConnect0(HttpURLConnection.java:1138)\n\tat sun.net.www.protocol.http.HttpURLConnection.plainConnect(HttpURLConnection.java:1032)\n\tat sun.net.www.protocol.http.HttpURLConnection.connect(HttpURLConnection.java:966)\n\tat org.springframework.http.client.SimpleBufferingClientHttpRequest.executeInternal(SimpleBufferingClientHttpRequest.java:78)\n\tat org.springframework.http.client.AbstractBufferingClientHttpRequest.executeInternal(AbstractBufferingClientHttpRequest.java:48)\n\tat org.springframework.http.client.AbstractClientHttpRequest.execute(AbstractClientHttpRequest.java:53)\n\tat org.springframework.web.client.RestTemplate.doExecute(RestTemplate.java:619)\n\tat org.springframework.web.client.RestTemplate.execute(RestTemplate.java:580)\n\tat org.springframework.web.client.RestTemplate.exchange(RestTemplate.java:498)\n\tat org.apache.zeppelin.livy.BaseLivyInterpreter.callRestAPI(BaseLivyInterpreter.java:619)\n\tat org.apache.zeppelin.livy.BaseLivyInterpreter.callRestAPI(BaseLivyInterpreter.java:599)\n\tat org.apache.zeppelin.livy.BaseLivyInterpreter.getLivyVersion(BaseLivyInterpreter.java:395)\n\tat org.apache.zeppelin.livy.LivySharedInterpreter.open(LivySharedInterpreter.java:47)\n\tat org.apache.zeppelin.interpreter.LazyOpenInterpreter.open(LazyOpenInterpreter.java:69)\n\tat org.apache.zeppelin.livy.BaseLivyInterpreter.getLivySharedInterpreter(BaseLivyInterpreter.java:165)\n\tat org.apache.zeppelin.livy.BaseLivyInterpreter.open(BaseLivyInterpreter.java:139)\n\tat org.apache.zeppelin.interpreter.LazyOpenInterpreter.open(LazyOpenInterpreter.java:69)\n\tat org.apache.zeppelin.livy.LivySparkSQLInterpreter.getSparkInterpreter(LivySparkSQLInterpreter.java:127)\n\tat org.apache.zeppelin.livy.LivySparkSQLInterpreter.open(LivySparkSQLInterpreter.java:67)\n\tat org.apache.zeppelin.interpreter.LazyOpenInterpreter.open(LazyOpenInterpreter.java:69)\n\tat org.apache.zeppelin.interpreter.remote.RemoteInterpreterServer$InterpretJob.jobRun(RemoteInterpreterServer.java:493)\n\tat org.apache.zeppelin.scheduler.Job.run(Job.java:175)\n\tat org.apache.zeppelin.scheduler.FIFOScheduler$1.run(FIFOScheduler.java:139)\n\tat java.util.concurrent.Executors$RunnableAdapter.call(Executors.java:511)\n\tat java.util.concurrent.FutureTask.run(FutureTask.java:266)\n\tat java.util.concurrent.ScheduledThreadPoolExecutor$ScheduledFutureTask.access$201(ScheduledThreadPoolExecutor.java:180)\n\tat java.util.concurrent.ScheduledThreadPoolExecutor$ScheduledFutureTask.run(ScheduledThreadPoolExecutor.java:293)\n\tat java.util.concurrent.ThreadPoolExecutor.runWorker(ThreadPoolExecutor.java:1142)\n\tat java.util.concurrent.ThreadPoolExecutor$Worker.run(ThreadPoolExecutor.java:617)\n\tat java.lang.Thread.run(Thread.java:748)\n"
          }
        ]
      },
      "apps": [],
      "jobName": "paragraph_1514565062797_1120225044",
      "id": "20171228-193329_353627505",
      "dateCreated": "Dec 29, 2017 4:31:02 PM",
      "dateStarted": "Dec 29, 2017 5:08:39 PM",
      "dateFinished": "Dec 29, 2017 5:08:39 PM",
      "status": "ERROR",
      "progressUpdateIntervalMs": 500
    },
    {
      "text": "%sql\nselect Age, count(1) value from data where Paymethod\u003d\"${Paymethod\u003dAuto,Auto|CC|CH}\" group by Age order by Age",
      "user": "elowery@us.ibm.com",
      "dateUpdated": "Dec 29, 2017 5:08:39 PM",
      "config": {
        "editorSetting": {
          "language": "sql",
          "editOnDblClick": false
        },
        "colWidth": 6.0,
        "editorMode": "ace/mode/sql",
        "runOnSelectionChange": true,
        "results": {
          "0": {
            "graph": {
              "mode": "multiBarChart",
              "height": 300.0,
              "optionOpen": false
            },
            "helium": {}
          }
        },
        "enabled": true
      },
      "settings": {
        "params": {
          "Paymethod": "CC"
        },
        "forms": {
          "Paymethod": {
            "name": "Paymethod",
            "defaultValue": "Auto",
            "options": [
              {
                "value": "Auto"
              },
              {
                "value": "CC"
              },
              {
                "value": "CH"
              }
            ],
            "hidden": false
          }
        }
      },
      "results": {
        "code": "ERROR",
        "msg": [
          {
            "type": "TEXT",
            "data": "java.net.ConnectException: Connection refused (Connection refused)\n\tat java.net.PlainSocketImpl.socketConnect(Native Method)\n\tat java.net.AbstractPlainSocketImpl.doConnect(AbstractPlainSocketImpl.java:350)\n\tat java.net.AbstractPlainSocketImpl.connectToAddress(AbstractPlainSocketImpl.java:206)\n\tat java.net.AbstractPlainSocketImpl.connect(AbstractPlainSocketImpl.java:188)\n\tat java.net.SocksSocketImpl.connect(SocksSocketImpl.java:392)\n\tat java.net.Socket.connect(Socket.java:589)\n\tat java.net.Socket.connect(Socket.java:538)\n\tat sun.net.NetworkClient.doConnect(NetworkClient.java:180)\n\tat sun.net.www.http.HttpClient.openServer(HttpClient.java:463)\n\tat sun.net.www.http.HttpClient.openServer(HttpClient.java:558)\n\tat sun.net.www.http.HttpClient.\u003cinit\u003e(HttpClient.java:242)\n\tat sun.net.www.http.HttpClient.New(HttpClient.java:339)\n\tat sun.net.www.http.HttpClient.New(HttpClient.java:357)\n\tat sun.net.www.protocol.http.HttpURLConnection.getNewHttpClient(HttpURLConnection.java:1202)\n\tat sun.net.www.protocol.http.HttpURLConnection.plainConnect0(HttpURLConnection.java:1138)\n\tat sun.net.www.protocol.http.HttpURLConnection.plainConnect(HttpURLConnection.java:1032)\n\tat sun.net.www.protocol.http.HttpURLConnection.connect(HttpURLConnection.java:966)\n\tat org.springframework.http.client.SimpleBufferingClientHttpRequest.executeInternal(SimpleBufferingClientHttpRequest.java:78)\n\tat org.springframework.http.client.AbstractBufferingClientHttpRequest.executeInternal(AbstractBufferingClientHttpRequest.java:48)\n\tat org.springframework.http.client.AbstractClientHttpRequest.execute(AbstractClientHttpRequest.java:53)\n\tat org.springframework.web.client.RestTemplate.doExecute(RestTemplate.java:619)\n\tat org.springframework.web.client.RestTemplate.execute(RestTemplate.java:580)\n\tat org.springframework.web.client.RestTemplate.exchange(RestTemplate.java:498)\n\tat org.apache.zeppelin.livy.BaseLivyInterpreter.callRestAPI(BaseLivyInterpreter.java:619)\n\tat org.apache.zeppelin.livy.BaseLivyInterpreter.callRestAPI(BaseLivyInterpreter.java:599)\n\tat org.apache.zeppelin.livy.BaseLivyInterpreter.getLivyVersion(BaseLivyInterpreter.java:395)\n\tat org.apache.zeppelin.livy.LivySharedInterpreter.open(LivySharedInterpreter.java:47)\n\tat org.apache.zeppelin.interpreter.LazyOpenInterpreter.open(LazyOpenInterpreter.java:69)\n\tat org.apache.zeppelin.livy.BaseLivyInterpreter.getLivySharedInterpreter(BaseLivyInterpreter.java:165)\n\tat org.apache.zeppelin.livy.BaseLivyInterpreter.open(BaseLivyInterpreter.java:139)\n\tat org.apache.zeppelin.interpreter.LazyOpenInterpreter.open(LazyOpenInterpreter.java:69)\n\tat org.apache.zeppelin.livy.LivySparkSQLInterpreter.getSparkInterpreter(LivySparkSQLInterpreter.java:127)\n\tat org.apache.zeppelin.livy.LivySparkSQLInterpreter.open(LivySparkSQLInterpreter.java:67)\n\tat org.apache.zeppelin.interpreter.LazyOpenInterpreter.open(LazyOpenInterpreter.java:69)\n\tat org.apache.zeppelin.interpreter.remote.RemoteInterpreterServer$InterpretJob.jobRun(RemoteInterpreterServer.java:493)\n\tat org.apache.zeppelin.scheduler.Job.run(Job.java:175)\n\tat org.apache.zeppelin.scheduler.FIFOScheduler$1.run(FIFOScheduler.java:139)\n\tat java.util.concurrent.Executors$RunnableAdapter.call(Executors.java:511)\n\tat java.util.concurrent.FutureTask.run(FutureTask.java:266)\n\tat java.util.concurrent.ScheduledThreadPoolExecutor$ScheduledFutureTask.access$201(ScheduledThreadPoolExecutor.java:180)\n\tat java.util.concurrent.ScheduledThreadPoolExecutor$ScheduledFutureTask.run(ScheduledThreadPoolExecutor.java:293)\n\tat java.util.concurrent.ThreadPoolExecutor.runWorker(ThreadPoolExecutor.java:1142)\n\tat java.util.concurrent.ThreadPoolExecutor$Worker.run(ThreadPoolExecutor.java:617)\n\tat java.lang.Thread.run(Thread.java:748)\n"
          }
        ]
      },
      "apps": [],
      "jobName": "paragraph_1514565062797_1120225044",
      "id": "20171228-195511_799205977",
      "dateCreated": "Dec 29, 2017 4:31:02 PM",
      "dateStarted": "Dec 29, 2017 5:08:39 PM",
      "dateFinished": "Dec 29, 2017 5:08:39 PM",
      "status": "ERROR",
      "progressUpdateIntervalMs": 500
    },
    {
      "text": "%sql\nselect LongDistance, Usage, Paymethod from data\n",
      "user": "elowery@us.ibm.com",
      "dateUpdated": "Dec 29, 2017 5:08:39 PM",
      "config": {
        "colWidth": 12.0,
        "editorMode": "ace/mode/sql",
        "results": {
          "0": {
            "graph": {
              "mode": "scatterChart",
              "height": 300.0,
              "optionOpen": true,
              "setting": {
                "scatterChart": {
                  "xAxis": {
                    "name": "LongDistance",
                    "index": 0.0,
                    "aggr": "sum"
                  },
                  "yAxis": {
                    "name": "Usage",
                    "index": 1.0,
                    "aggr": "sum"
                  }
                }
              }
            },
            "helium": {}
          }
        },
        "enabled": true,
        "editorSetting": {
          "language": "sql",
          "editOnDblClick": false
        }
      },
      "settings": {
        "params": {},
        "forms": {}
      },
      "results": {
        "code": "ERROR",
        "msg": [
          {
            "type": "TEXT",
            "data": "java.net.ConnectException: Connection refused (Connection refused)\n\tat java.net.PlainSocketImpl.socketConnect(Native Method)\n\tat java.net.AbstractPlainSocketImpl.doConnect(AbstractPlainSocketImpl.java:350)\n\tat java.net.AbstractPlainSocketImpl.connectToAddress(AbstractPlainSocketImpl.java:206)\n\tat java.net.AbstractPlainSocketImpl.connect(AbstractPlainSocketImpl.java:188)\n\tat java.net.SocksSocketImpl.connect(SocksSocketImpl.java:392)\n\tat java.net.Socket.connect(Socket.java:589)\n\tat java.net.Socket.connect(Socket.java:538)\n\tat sun.net.NetworkClient.doConnect(NetworkClient.java:180)\n\tat sun.net.www.http.HttpClient.openServer(HttpClient.java:463)\n\tat sun.net.www.http.HttpClient.openServer(HttpClient.java:558)\n\tat sun.net.www.http.HttpClient.\u003cinit\u003e(HttpClient.java:242)\n\tat sun.net.www.http.HttpClient.New(HttpClient.java:339)\n\tat sun.net.www.http.HttpClient.New(HttpClient.java:357)\n\tat sun.net.www.protocol.http.HttpURLConnection.getNewHttpClient(HttpURLConnection.java:1202)\n\tat sun.net.www.protocol.http.HttpURLConnection.plainConnect0(HttpURLConnection.java:1138)\n\tat sun.net.www.protocol.http.HttpURLConnection.plainConnect(HttpURLConnection.java:1032)\n\tat sun.net.www.protocol.http.HttpURLConnection.connect(HttpURLConnection.java:966)\n\tat org.springframework.http.client.SimpleBufferingClientHttpRequest.executeInternal(SimpleBufferingClientHttpRequest.java:78)\n\tat org.springframework.http.client.AbstractBufferingClientHttpRequest.executeInternal(AbstractBufferingClientHttpRequest.java:48)\n\tat org.springframework.http.client.AbstractClientHttpRequest.execute(AbstractClientHttpRequest.java:53)\n\tat org.springframework.web.client.RestTemplate.doExecute(RestTemplate.java:619)\n\tat org.springframework.web.client.RestTemplate.execute(RestTemplate.java:580)\n\tat org.springframework.web.client.RestTemplate.exchange(RestTemplate.java:498)\n\tat org.apache.zeppelin.livy.BaseLivyInterpreter.callRestAPI(BaseLivyInterpreter.java:619)\n\tat org.apache.zeppelin.livy.BaseLivyInterpreter.callRestAPI(BaseLivyInterpreter.java:599)\n\tat org.apache.zeppelin.livy.BaseLivyInterpreter.getLivyVersion(BaseLivyInterpreter.java:395)\n\tat org.apache.zeppelin.livy.LivySharedInterpreter.open(LivySharedInterpreter.java:47)\n\tat org.apache.zeppelin.interpreter.LazyOpenInterpreter.open(LazyOpenInterpreter.java:69)\n\tat org.apache.zeppelin.livy.BaseLivyInterpreter.getLivySharedInterpreter(BaseLivyInterpreter.java:165)\n\tat org.apache.zeppelin.livy.BaseLivyInterpreter.open(BaseLivyInterpreter.java:139)\n\tat org.apache.zeppelin.interpreter.LazyOpenInterpreter.open(LazyOpenInterpreter.java:69)\n\tat org.apache.zeppelin.livy.LivySparkSQLInterpreter.getSparkInterpreter(LivySparkSQLInterpreter.java:127)\n\tat org.apache.zeppelin.livy.LivySparkSQLInterpreter.open(LivySparkSQLInterpreter.java:67)\n\tat org.apache.zeppelin.interpreter.LazyOpenInterpreter.open(LazyOpenInterpreter.java:69)\n\tat org.apache.zeppelin.interpreter.remote.RemoteInterpreterServer$InterpretJob.jobRun(RemoteInterpreterServer.java:493)\n\tat org.apache.zeppelin.scheduler.Job.run(Job.java:175)\n\tat org.apache.zeppelin.scheduler.FIFOScheduler$1.run(FIFOScheduler.java:139)\n\tat java.util.concurrent.Executors$RunnableAdapter.call(Executors.java:511)\n\tat java.util.concurrent.FutureTask.run(FutureTask.java:266)\n\tat java.util.concurrent.ScheduledThreadPoolExecutor$ScheduledFutureTask.access$201(ScheduledThreadPoolExecutor.java:180)\n\tat java.util.concurrent.ScheduledThreadPoolExecutor$ScheduledFutureTask.run(ScheduledThreadPoolExecutor.java:293)\n\tat java.util.concurrent.ThreadPoolExecutor.runWorker(ThreadPoolExecutor.java:1142)\n\tat java.util.concurrent.ThreadPoolExecutor$Worker.run(ThreadPoolExecutor.java:617)\n\tat java.lang.Thread.run(Thread.java:748)\n"
          }
        ]
      },
      "apps": [],
      "jobName": "paragraph_1514565062798_1121379291",
      "id": "20171228-204103_1157179934",
      "dateCreated": "Dec 29, 2017 4:31:02 PM",
      "dateStarted": "Dec 29, 2017 5:08:39 PM",
      "dateFinished": "Dec 29, 2017 5:08:39 PM",
      "status": "ERROR",
      "progressUpdateIntervalMs": 500
    },
    {
      "text": "%md\n### Step 5: Build the Spark pipeline and the Random Forest model\n\"Pipeline\" is an API in SparkML that\u0027s used for building models.  Additional information on SparkML: https://spark.apache.org/docs/2.0.2/ml-guide.html",
      "user": "elowery@us.ibm.com",
      "dateUpdated": "Dec 29, 2017 5:08:39 PM",
      "config": {
        "editorSetting": {
          "editOnDblClick": false,
          "language": "scala"
        },
        "colWidth": 12.0,
        "editorMode": "ace/mode/scala",
        "editorHide": true,
        "results": {},
        "enabled": true
      },
      "settings": {
        "params": {},
        "forms": {}
      },
      "results": {
        "code": "SUCCESS",
        "msg": [
          {
            "type": "HTML",
            "data": "\u003cdiv class\u003d\"markdown-body\"\u003e\n\u003ch3\u003eStep 5: Build the Spark pipeline and the Random Forest model\u003c/h3\u003e\n\u003cp\u003e\u0026ldquo;Pipeline\u0026rdquo; is an API in SparkML that\u0026rsquo;s used for building models. Additional information on SparkML: \u003ca href\u003d\"https://spark.apache.org/docs/2.0.2/ml-guide.html\"\u003ehttps://spark.apache.org/docs/2.0.2/ml-guide.html\u003c/a\u003e\u003c/p\u003e\n\u003c/div\u003e"
          }
        ]
      },
      "apps": [],
      "jobName": "paragraph_1514565062801_1130998013",
      "id": "20171216-052742_1853912173",
      "dateCreated": "Dec 29, 2017 4:31:02 PM",
      "dateStarted": "Dec 29, 2017 5:08:40 PM",
      "dateFinished": "Dec 29, 2017 5:08:40 PM",
      "status": "FINISHED",
      "progressUpdateIntervalMs": 500
    },
    {
      "text": "%spark.pyspark\nfrom pyspark.ml.feature import OneHotEncoder, StringIndexer, VectorIndexer, IndexToString\nfrom pyspark.ml import Pipeline\nfrom pyspark.ml.feature import VectorAssembler\nfrom pyspark.ml.classification import RandomForestClassifier\n\n# Prepare string variables so that they can be used by the decision tree algorithm\n# StringIndexer encodes a string column of labels to a column of label indices\nSI1 \u003d StringIndexer(inputCol\u003d\u0027Gender\u0027, outputCol\u003d\u0027GenderEncoded\u0027)\nSI2 \u003d StringIndexer(inputCol\u003d\u0027Status\u0027,outputCol\u003d\u0027StatusEncoded\u0027)\nSI3 \u003d StringIndexer(inputCol\u003d\u0027CarOwner\u0027,outputCol\u003d\u0027CarOwnerEncoded\u0027)\nSI4 \u003d StringIndexer(inputCol\u003d\u0027Paymethod\u0027,outputCol\u003d\u0027PaymethodEncoded\u0027)\nSI5 \u003d StringIndexer(inputCol\u003d\u0027LocalBilltype\u0027,outputCol\u003d\u0027LocalBilltypeEncoded\u0027)\nSI6 \u003d StringIndexer(inputCol\u003d\u0027LongDistanceBilltype\u0027,outputCol\u003d\u0027LongDistanceBilltypeEncoded\u0027)\nlabelIndexer \u003d StringIndexer(inputCol\u003d\u0027CHURN\u0027, outputCol\u003d\u0027label\u0027).fit(data)\n\n\n# Pipelines API requires that input variables are passed in  a vector\nassembler \u003d VectorAssembler(inputCols\u003d[\"GenderEncoded\", \"StatusEncoded\", \"CarOwnerEncoded\", \"PaymethodEncoded\", \"LocalBilltypeEncoded\", \\\n                                       \"LongDistanceBilltypeEncoded\", \"Children\", \"EstIncome\", \"Age\", \"LongDistance\", \"International\", \"Local\",\\\n                                      \"Dropped\",\"Usage\",\"RatePlan\"], outputCol\u003d\"features\")",
      "user": "elowery@us.ibm.com",
      "dateUpdated": "Dec 29, 2017 5:08:40 PM",
      "config": {
        "tableHide": false,
        "editorSetting": {
          "editOnDblClick": false,
          "language": "python"
        },
        "colWidth": 12.0,
        "editorMode": "ace/mode/python",
        "editorHide": false,
        "results": {},
        "enabled": true
      },
      "settings": {
        "params": {},
        "forms": {}
      },
      "results": {
        "code": "SUCCESS",
        "msg": []
      },
      "apps": [],
      "jobName": "paragraph_1514565062801_1130998013",
      "id": "20171214-012318_976903634",
      "dateCreated": "Dec 29, 2017 4:31:02 PM",
      "dateStarted": "Dec 29, 2017 5:08:40 PM",
      "dateFinished": "Dec 29, 2017 5:08:41 PM",
      "status": "FINISHED",
      "progressUpdateIntervalMs": 500
    },
    {
      "text": "%spark.pyspark\n# instantiate the algorithm, take the default settings\nrf\u003dRandomForestClassifier(labelCol\u003d\"label\", featuresCol\u003d\"features\")\n\n# Convert indexed labels back to original labels.\nlabelConverter \u003d IndexToString(inputCol\u003d\"prediction\", outputCol\u003d\"predictedLabel\", labels\u003dlabelIndexer.labels)\n\npipeline \u003d Pipeline(stages\u003d[SI1,SI2,SI3,SI4,SI5,SI6,labelIndexer,assembler, rf, labelConverter])\n",
      "user": "elowery@us.ibm.com",
      "dateUpdated": "Dec 29, 2017 5:08:40 PM",
      "config": {
        "editorSetting": {
          "editOnDblClick": false,
          "language": "python"
        },
        "colWidth": 12.0,
        "editorMode": "ace/mode/python",
        "editorHide": false,
        "results": {},
        "enabled": true
      },
      "settings": {
        "params": {},
        "forms": {}
      },
      "results": {
        "code": "SUCCESS",
        "msg": []
      },
      "apps": [],
      "jobName": "paragraph_1514565062801_1130998013",
      "id": "20171214-013012_1971241348",
      "dateCreated": "Dec 29, 2017 4:31:02 PM",
      "dateStarted": "Dec 29, 2017 5:08:40 PM",
      "dateFinished": "Dec 29, 2017 5:08:41 PM",
      "status": "FINISHED",
      "progressUpdateIntervalMs": 500
    },
    {
      "text": "%spark.pyspark\n# Split data into train and test datasets\ntrain, test \u003d data.randomSplit([0.8,0.2], seed\u003d6)\ntrain.cache()\ntest.cache()\n",
      "user": "elowery@us.ibm.com",
      "dateUpdated": "Dec 29, 2017 5:08:40 PM",
      "config": {
        "editorSetting": {
          "editOnDblClick": false,
          "language": "python"
        },
        "colWidth": 12.0,
        "editorMode": "ace/mode/python",
        "editorHide": false,
        "results": {},
        "enabled": true
      },
      "settings": {
        "params": {},
        "forms": {}
      },
      "results": {
        "code": "SUCCESS",
        "msg": [
          {
            "type": "TEXT",
            "data": "DataFrame[ID: int, Gender: string, Status: string, Children: double, EstIncome: double, CarOwner: string, Age: double, LongDistance: double, International: double, Local: double, Dropped: double, Paymethod: string, LocalBilltype: string, LongDistanceBilltype: string, Usage: double, RatePlan: double, CHURN: string]\n"
          }
        ]
      },
      "apps": [],
      "jobName": "paragraph_1514565062801_1130998013",
      "id": "20171214-013037_1711395197",
      "dateCreated": "Dec 29, 2017 4:31:02 PM",
      "dateStarted": "Dec 29, 2017 5:08:41 PM",
      "dateFinished": "Dec 29, 2017 5:08:41 PM",
      "status": "FINISHED",
      "progressUpdateIntervalMs": 500
    },
    {
      "text": "%spark.pyspark\n# Build models\nmodel \u003d pipeline.fit(train)",
      "user": "elowery@us.ibm.com",
      "dateUpdated": "Dec 29, 2017 5:08:40 PM",
      "config": {
        "editorSetting": {
          "editOnDblClick": false,
          "language": "python"
        },
        "colWidth": 12.0,
        "editorMode": "ace/mode/python",
        "editorHide": false,
        "results": {},
        "enabled": true
      },
      "settings": {
        "params": {},
        "forms": {}
      },
      "results": {
        "code": "SUCCESS",
        "msg": []
      },
      "apps": [],
      "jobName": "paragraph_1514565062802_1132152260",
      "id": "20171214-013118_114761329",
      "dateCreated": "Dec 29, 2017 4:31:02 PM",
      "dateStarted": "Dec 29, 2017 5:08:41 PM",
      "dateFinished": "Dec 29, 2017 5:08:45 PM",
      "status": "FINISHED",
      "progressUpdateIntervalMs": 500
    },
    {
      "text": "%md\n### Step 6: Score the test data set",
      "user": "elowery@us.ibm.com",
      "dateUpdated": "Dec 29, 2017 5:08:40 PM",
      "config": {
        "tableHide": false,
        "editorSetting": {
          "language": "markdown",
          "editOnDblClick": true
        },
        "colWidth": 12.0,
        "editorMode": "ace/mode/markdown",
        "editorHide": true,
        "results": {},
        "enabled": true
      },
      "settings": {
        "params": {},
        "forms": {}
      },
      "results": {
        "code": "SUCCESS",
        "msg": [
          {
            "type": "HTML",
            "data": "\u003cdiv class\u003d\"markdown-body\"\u003e\n\u003ch3\u003eStep 6: Score the test data set\u003c/h3\u003e\n\u003c/div\u003e"
          }
        ]
      },
      "apps": [],
      "jobName": "paragraph_1514565062802_1132152260",
      "id": "20171216-053132_440220050",
      "dateCreated": "Dec 29, 2017 4:31:02 PM",
      "dateStarted": "Dec 29, 2017 5:08:40 PM",
      "dateFinished": "Dec 29, 2017 5:08:40 PM",
      "status": "FINISHED",
      "progressUpdateIntervalMs": 500
    },
    {
      "text": "%spark.pyspark\nresults \u003d model.transform(test)\nresults\u003dresults.select(results[\"ID\"],results[\"CHURN\"],results[\"label\"],results[\"predictedLabel\"],results[\"prediction\"],results[\"probability\"])\nresults.show(10,False)\n",
      "user": "elowery@us.ibm.com",
      "dateUpdated": "Dec 29, 2017 5:08:40 PM",
      "config": {
        "editorSetting": {
          "editOnDblClick": false,
          "language": "python"
        },
        "colWidth": 12.0,
        "editorMode": "ace/mode/python",
        "editorHide": false,
        "results": {},
        "enabled": true
      },
      "settings": {
        "params": {},
        "forms": {}
      },
      "results": {
        "code": "SUCCESS",
        "msg": [
          {
            "type": "TEXT",
            "data": "+---+-----+-----+--------------+----------+----------------------------------------+\n|ID |CHURN|label|predictedLabel|prediction|probability                             |\n+---+-----+-----+--------------+----------+----------------------------------------+\n|14 |F    |0.0  |F             |0.0       |[0.9343804275553431,0.0656195724446568] |\n|18 |F    |0.0  |T             |1.0       |[0.47533093610133853,0.5246690638986615]|\n|21 |F    |0.0  |F             |0.0       |[0.6618168270275057,0.33818317297249434]|\n|22 |F    |0.0  |F             |0.0       |[0.6235631675645575,0.37643683243544235]|\n|29 |T    |1.0  |T             |1.0       |[0.2834121510813445,0.7165878489186555] |\n|40 |T    |1.0  |T             |1.0       |[0.2614554701025359,0.7385445298974642] |\n|52 |T    |1.0  |F             |0.0       |[0.6046027758031454,0.3953972241968546] |\n|74 |F    |0.0  |F             |0.0       |[0.5040126272541035,0.4959873727458966] |\n|84 |F    |0.0  |F             |0.0       |[0.636773987530171,0.3632260124698289]  |\n|85 |F    |0.0  |F             |0.0       |[0.6623914939989389,0.3376085060010611] |\n+---+-----+-----+--------------+----------+----------------------------------------+\nonly showing top 10 rows\n\n"
          }
        ]
      },
      "apps": [],
      "jobName": "paragraph_1514565062802_1132152260",
      "id": "20171214-013225_491778721",
      "dateCreated": "Dec 29, 2017 4:31:02 PM",
      "dateStarted": "Dec 29, 2017 5:08:42 PM",
      "dateFinished": "Dec 29, 2017 5:08:46 PM",
      "status": "FINISHED",
      "progressUpdateIntervalMs": 500
    },
    {
      "text": "%md\n### Step 7: Model Evaluation\n",
      "user": "elowery@us.ibm.com",
      "dateUpdated": "Dec 29, 2017 5:09:58 PM",
      "config": {
        "tableHide": false,
        "editorSetting": {
          "editOnDblClick": true,
          "language": "markdown"
        },
        "colWidth": 12.0,
        "editorMode": "ace/mode/markdown",
        "editorHide": true,
        "results": {},
        "enabled": true
      },
      "settings": {
        "params": {},
        "forms": {}
      },
      "results": {
        "code": "SUCCESS",
        "msg": [
          {
            "type": "HTML",
            "data": "\u003cdiv class\u003d\"markdown-body\"\u003e\n\u003ch3\u003eStep 7: Model Evaluation\u003c/h3\u003e\n\u003c/div\u003e"
          }
        ]
      },
      "apps": [],
      "jobName": "paragraph_1514565062803_1131767511",
      "id": "20171216-053248_2147008432",
      "dateCreated": "Dec 29, 2017 4:31:02 PM",
      "dateStarted": "Dec 29, 2017 5:09:58 PM",
      "dateFinished": "Dec 29, 2017 5:09:58 PM",
      "status": "FINISHED",
      "progressUpdateIntervalMs": 500
    },
    {
      "text": "%spark.pyspark\nprint \u0027Precision model1 \u003d {:.2f}.\u0027.format(results.filter(results.label \u003d\u003d results.prediction).count() / float(results.count()))\n",
      "user": "elowery@us.ibm.com",
      "dateUpdated": "Dec 29, 2017 5:10:00 PM",
      "config": {
        "editorSetting": {
          "editOnDblClick": false,
          "language": "python"
        },
        "colWidth": 12.0,
        "editorMode": "ace/mode/python",
        "editorHide": false,
        "results": {},
        "enabled": true
      },
      "settings": {
        "params": {},
        "forms": {}
      },
      "results": {
        "code": "SUCCESS",
        "msg": [
          {
            "type": "TEXT",
            "data": "Precision model1 \u003d 0.92.\n"
          }
        ]
      },
      "apps": [],
      "jobName": "paragraph_1514565062810_1129074269",
      "id": "20171214-013252_1580569700",
      "dateCreated": "Dec 29, 2017 4:31:02 PM",
      "dateStarted": "Dec 29, 2017 5:10:00 PM",
      "dateFinished": "Dec 29, 2017 5:10:01 PM",
      "status": "FINISHED",
      "progressUpdateIntervalMs": 500
    },
    {
      "text": "%spark.pyspark\nfrom pyspark.ml.evaluation import BinaryClassificationEvaluator\n\n# Evaluate model\nevaluator \u003d BinaryClassificationEvaluator(rawPredictionCol\u003d\"prediction\", labelCol\u003d\"label\", metricName\u003d\"areaUnderROC\")\nprint \u0027Area under ROC curve \u003d {:.2f}.\u0027.format(evaluator.evaluate(results))\n",
      "user": "elowery@us.ibm.com",
      "dateUpdated": "Dec 29, 2017 5:10:03 PM",
      "config": {
        "editorSetting": {
          "editOnDblClick": false,
          "language": "python"
        },
        "colWidth": 12.0,
        "editorMode": "ace/mode/python",
        "editorHide": false,
        "results": {},
        "enabled": true
      },
      "settings": {
        "params": {},
        "forms": {}
      },
      "results": {
        "code": "SUCCESS",
        "msg": [
          {
            "type": "TEXT",
            "data": "Area under ROC curve \u003d 0.92.\n"
          }
        ]
      },
      "apps": [],
      "jobName": "paragraph_1514565062810_1129074269",
      "id": "20171214-013324_1966008016",
      "dateCreated": "Dec 29, 2017 4:31:02 PM",
      "dateStarted": "Dec 29, 2017 5:10:03 PM",
      "dateFinished": "Dec 29, 2017 5:10:04 PM",
      "status": "FINISHED",
      "progressUpdateIntervalMs": 500
    },
    {
      "text": "%md\n### Step 8: Save model in the repository\n**Note: If you wish, change model name**",
      "user": "elowery@us.ibm.com",
      "dateUpdated": "Dec 29, 2017 5:10:44 PM",
      "config": {
        "colWidth": 12.0,
        "enabled": true,
        "results": {},
        "editorSetting": {
          "editOnDblClick": true,
          "language": "markdown"
        },
        "editorMode": "ace/mode/markdown",
        "editorHide": true,
        "tableHide": false
      },
      "settings": {
        "params": {},
        "forms": {}
      },
      "results": {
        "code": "SUCCESS",
        "msg": [
          {
            "type": "HTML",
            "data": "\u003cdiv class\u003d\"markdown-body\"\u003e\n\u003ch3\u003eStep 8: Save model in the repository\u003c/h3\u003e\n\u003cp\u003e\u003cstrong\u003eNote: If you wish, change model name\u003c/strong\u003e\u003c/p\u003e\n\u003c/div\u003e"
          }
        ]
      },
      "apps": [],
      "jobName": "paragraph_1514567060684_624181900",
      "id": "20171229-170420_1250438962",
      "dateCreated": "Dec 29, 2017 5:04:20 PM",
      "dateStarted": "Dec 29, 2017 5:10:44 PM",
      "dateFinished": "Dec 29, 2017 5:10:44 PM",
      "status": "FINISHED",
      "progressUpdateIntervalMs": 500
    },
    {
      "text": "%spark.pyspark\nfrom dsx_ml.ml import save\nmodel_name\u003d\"Telco Churn Zeppelin\"\nsave(model\u003dmodel, name\u003dmodel_name, test_data\u003dtest, algorithm_type\u003d\"Classification\")\n",
      "user": "elowery@us.ibm.com",
      "dateUpdated": "Dec 29, 2017 5:10:54 PM",
      "config": {
        "colWidth": 12.0,
        "enabled": true,
        "results": {},
        "editorSetting": {
          "editOnDblClick": false,
          "language": "python"
        },
        "editorMode": "ace/mode/python"
      },
      "settings": {
        "params": {},
        "forms": {}
      },
      "results": {
        "code": "SUCCESS",
        "msg": [
          {
            "type": "TEXT",
            "data": "\u0027Model successfully updated to path /user-home/1001/DSX_Projects/DSX_Local_Workshop/models/Telco Churn Zeppelin for version 4\u0027\n"
          }
        ]
      },
      "apps": [],
      "jobName": "paragraph_1514567161500_1112717769",
      "id": "20171229-170601_1089145165",
      "dateCreated": "Dec 29, 2017 5:06:01 PM",
      "dateStarted": "Dec 29, 2017 5:10:54 PM",
      "dateFinished": "Dec 29, 2017 5:11:09 PM",
      "status": "FINISHED",
      "progressUpdateIntervalMs": 500
    },
    {
      "text": "%md\n### Step 10:  Deploy and Test model with UI",
      "user": "elowery@us.ibm.com",
      "dateUpdated": "Dec 29, 2017 5:11:50 PM",
      "config": {
        "colWidth": 12.0,
        "enabled": true,
        "results": {},
        "editorSetting": {
          "editOnDblClick": true,
          "language": "markdown"
        },
        "editorMode": "ace/mode/markdown",
        "editorHide": true,
        "tableHide": false
      },
      "settings": {
        "params": {},
        "forms": {}
      },
      "results": {
        "code": "SUCCESS",
        "msg": [
          {
            "type": "HTML",
            "data": "\u003cdiv class\u003d\"markdown-body\"\u003e\n\u003ch3\u003eStep 10: Deploy and Test model with UI\u003c/h3\u003e\n\u003c/div\u003e"
          }
        ]
      },
      "apps": [],
      "jobName": "paragraph_1514566705481_591355650",
      "id": "20171229-165825_157855583",
      "dateCreated": "Dec 29, 2017 4:58:25 PM",
      "dateStarted": "Dec 29, 2017 5:11:50 PM",
      "dateFinished": "Dec 29, 2017 5:11:50 PM",
      "status": "FINISHED",
      "progressUpdateIntervalMs": 500
    },
    {
      "text": "%md\n1. Save the notebook and switch to the **Models** tab of the project (**hint**: right click the project name link, DSX_Local_Workshop, at the top, and open with another tab in your browser). \n2. Under **Models**, find and click into your saved model. \n3. Page down to the **Deployments** section, and click **Deploy**. Add an **Online deployment**.\n4. Click into the deployed model, on the top right corner, click the **Test API** link to test the model. \n\nYou can use the following data for testing: ID\u003d99, Gender\u003dM, Status\u003dS, Children\u003d0, Est Income\u003d60000, Car Owner\u003dY, Age\u003d34, LongDistance\u003d68, International\u003d50, Local\u003d100, Dropped\u003d0, Paymethod\u003dCC, LocalBilltype\u003dBudget, LongDistanceBilltype\u003dIntnl_discount, Usage\u003d334, RatePlan\u003d3\n\nThe results of the test is displayed as follows:\u003cbr/\u003e\n\u003cimg style\u003d\"float: left;\" src\u003d\"https://github.com/yfphoon/dsx_local/blob/master/images/Test_Model.png?raw\u003dtrue\" alt\u003d\"Test API\" width\u003d900 /\u003e",
      "user": "elowery@us.ibm.com",
      "dateUpdated": "Dec 29, 2017 5:11:44 PM",
      "config": {
        "colWidth": 12.0,
        "enabled": true,
        "results": {},
        "editorSetting": {
          "editOnDblClick": true,
          "language": "markdown"
        },
        "editorMode": "ace/mode/markdown",
        "editorHide": true,
        "tableHide": false
      },
      "settings": {
        "params": {},
        "forms": {}
      },
      "results": {
        "code": "SUCCESS",
        "msg": [
          {
            "type": "HTML",
            "data": "\u003cdiv class\u003d\"markdown-body\"\u003e\n\u003col\u003e\n  \u003cli\u003eSave the notebook and switch to the \u003cstrong\u003eModels\u003c/strong\u003e tab of the project (**hint**: right click the project name link, DSX_Local_Workshop, at the top, and open with another tab in your browser).\u003c/li\u003e\n  \u003cli\u003eUnder \u003cstrong\u003eModels\u003c/strong\u003e, find and click into your saved model.\u003c/li\u003e\n  \u003cli\u003ePage down to the \u003cstrong\u003eDeployments\u003c/strong\u003e section, and click \u003cstrong\u003eDeploy\u003c/strong\u003e. Add an \u003cstrong\u003eOnline deployment\u003c/strong\u003e.\u003c/li\u003e\n  \u003cli\u003eClick into the deployed model, on the top right corner, click the \u003cstrong\u003eTest API\u003c/strong\u003e link to test the model.\u003c/li\u003e\n\u003c/ol\u003e\n\u003cp\u003eYou can use the following data for testing: ID\u003d99, Gender\u003dM, Status\u003dS, Children\u003d0, Est Income\u003d60000, Car Owner\u003dY, Age\u003d34, LongDistance\u003d68, International\u003d50, Local\u003d100, Dropped\u003d0, Paymethod\u003dCC, LocalBilltype\u003dBudget, LongDistanceBilltype\u003dIntnl_discount, Usage\u003d334, RatePlan\u003d3\u003c/p\u003e\n\u003cp\u003eThe results of the test is displayed as follows:\u003cbr/\u003e\u003cbr/\u003e\u003cimg style\u003d\"float: left;\" src\u003d\"https://github.com/yfphoon/dsx_local/blob/master/images/Test_Model.png?raw\u003dtrue\" alt\u003d\"Test API\" width\u003d900 /\u003e\u003c/p\u003e\n\u003c/div\u003e"
          }
        ]
      },
      "apps": [],
      "jobName": "paragraph_1514567210475_-1474071680",
      "id": "20171229-170650_1928076166",
      "dateCreated": "Dec 29, 2017 5:06:50 PM",
      "dateStarted": "Dec 29, 2017 5:11:44 PM",
      "dateFinished": "Dec 29, 2017 5:11:44 PM",
      "status": "FINISHED",
      "progressUpdateIntervalMs": 500
    },
    {
      "text": "%md\n**Authors**:\n* Sidney Phoon\n* Rich Tarro\n* Elena Lowery\n\nLast Updated: 28th Dec, 2017",
      "user": "elowery@us.ibm.com",
      "dateUpdated": "Dec 29, 2017 5:08:41 PM",
      "config": {
        "tableHide": false,
        "editorSetting": {
          "language": "markdown",
          "editOnDblClick": true
        },
        "colWidth": 12.0,
        "editorMode": "ace/mode/markdown",
        "editorHide": true,
        "results": {},
        "enabled": true
      },
      "settings": {
        "params": {},
        "forms": {}
      },
      "results": {
        "code": "SUCCESS",
        "msg": [
          {
            "type": "HTML",
            "data": "\u003cdiv class\u003d\"markdown-body\"\u003e\n\u003cp\u003e\u003cstrong\u003eAuthors\u003c/strong\u003e:\u003cbr/\u003e* Sidney Phoon\u003cbr/\u003e* Rich Tarro\u003cbr/\u003e* Elena Lowery\u003c/p\u003e\n\u003cp\u003eLast Updated: 28th Dec, 2017\u003c/p\u003e\n\u003c/div\u003e"
          }
        ]
      },
      "apps": [],
      "jobName": "paragraph_1514565062811_1128689520",
      "id": "20171228-001207_2056985975",
      "dateCreated": "Dec 29, 2017 4:31:02 PM",
      "dateStarted": "Dec 29, 2017 5:08:42 PM",
      "dateFinished": "Dec 29, 2017 5:08:42 PM",
      "status": "FINISHED",
      "progressUpdateIntervalMs": 500
    },
    {
      "text": "%md\n",
      "user": "elowery@us.ibm.com",
      "dateUpdated": "Dec 29, 2017 5:08:42 PM",
      "config": {
        "colWidth": 12.0,
        "editorMode": "ace/mode/markdown",
        "results": {},
        "enabled": true,
        "editorSetting": {
          "language": "markdown",
          "editOnDblClick": true
        }
      },
      "settings": {
        "params": {},
        "forms": {}
      },
      "apps": [],
      "jobName": "paragraph_1514565062811_1128689520",
      "id": "20171228-210713_1736472837",
      "dateCreated": "Dec 29, 2017 4:31:02 PM",
      "status": "FINISHED",
      "errorMessage": "",
      "progressUpdateIntervalMs": 500
    }
  ],
  "name": "TelcoChurn_Zeppelin",
  "id": "2D3CBDA5G",
  "angularObjects": {
    "2CYSFF4KX:shared_process": [],
    "2CZ7M5Z1U:shared_process": [],
    "2CZN4E536:shared_process": [],
    "2CXMXB6B9:shared_process": [],
    "2CX1UN2AM:shared_process": [],
    "2CVYP86A3:shared_process": [],
    "2CZPMT4AR:shared_process": []
  },
  "config": {
    "looknfeel": "default",
    "personalizedMode": "false"
  },
  "info": {}
}