[
  {
    "args": [],
    "author": "999",
    "dateCreated": 1525369346,
    "displayName": "TelcoChurnMLmodel-1525369088840",
    "env": [
      "SPARK_VERSION=2.0"
    ],
    "fileName": "TelcoBatchScoring.py",
    "jobId": "3929410e87c8313c",
    "jobName": "telcochurnmlmodel-1525369088840",
    "mainScript": [
      "/opt/conda/bin/python",
      "scripts/TelcoBatchScoring.py"
    ],
    "remoteOptions": [],
    "runtimeEnvironment": "dsx-scripted-ml-python2",
    "scheduleDescription": "On demand",
    "targetHost": "",
    "type": "Batch scoring"
  },
  {
    "args": [],
    "author": "999",
    "dateCreated": 1525370987,
    "displayName": "TelcoChurnMLmodel-1525370952208",
    "env": [
      "SPARK_VERSION=2.0"
    ],
    "fileName": "TelcoChurnEval.py",
    "jobId": "55b2591703d09ddd",
    "jobName": "telcochurnmlmodel-1525370952208",
    "mainScript": [
      "/opt/conda/bin/python",
      "scripts/TelcoChurnEval.py"
    ],
    "remoteOptions": [],
    "runtimeEnvironment": "dsx-scripted-ml-python2",
    "scheduleDescription": "On demand",
    "targetHost": "",
    "type": "Model evaluation"
  }
]