{
    "algorithm": "Pipeline", 
    "algorithmType": "Classification", 
    "author": "1001", 
    "createdAt": 1516298364632, 
    "features": [
        {
            "name": "ACCT_STATUS_K_USD", 
            "type": "string"
        }, 
        {
            "name": "CONTRACT_DURATION_MONTH", 
            "type": "int64"
        }, 
        {
            "name": "HISTORY", 
            "type": "string"
        }, 
        {
            "name": "CREDIT_PROGRAM", 
            "type": "string"
        }, 
        {
            "name": "AMOUNT_K_USD", 
            "type": "int64"
        }, 
        {
            "name": "ACCOUNT_TYPE", 
            "type": "string"
        }, 
        {
            "name": "ACCT_AGE", 
            "type": "string"
        }, 
        {
            "name": "STATE", 
            "type": "string"
        }, 
        {
            "name": "PRESENT_RESIDENT", 
            "type": "string"
        }, 
        {
            "name": "ESTABLISHED_MONTH", 
            "type": "int64"
        }, 
        {
            "name": "NUMBER_CREDITS", 
            "type": "int64"
        }
    ], 
    "id": 1516298364632, 
    "isPublished": false, 
    "labelColumns": [
        {
            "name": "IS_DEFAULT", 
            "type": "float32"
        }
    ], 
    "latestModelVersion": 2, 
    "learningType": "Supervised", 
    "name": "CreditCard_Default_Model", 
    "params": {}, 
    "publishedBy": "", 
    "publishedModelVersion": -1, 
    "runtime": "Python27", 
    "serialization": "joblib", 
    "source": "", 
    "type": "scikit-learn-0.19"
}