{"collectionName":"VOC_Collection_el","category":{"path":"","name":"Root","numTerms":0,"children":[{"path":"_phrase","name":"Phrase Constituent","numTerms":438,"children":[{"path":"noun_phrase","name":"Noun Phrase","numTerms":346,"children":[{"path":"adp_noun","name":"Preposition with Noun","numTerms":167,"children":[]},{"path":"mod_noun","name":"Modified Noun","numTerms":95,"children":[]},{"path":"nouns","name":"Noun Sequence","numTerms":86,"children":[]}]},{"path":"pred_phrase","name":"Predicate Phrase","numTerms":92,"children":[{"path":"noun_pred","name":"Noun - Predicate","numTerms":40,"children":[]},{"path":"verb_noun","name":"Verb - Noun","numTerms":52,"children":[]}]}]},{"path":"_sentiment","name":"Sentiment Expression","numTerms":0,"children":[{"path":"expression","name":"Expression","numTerms":14,"children":[{"path":"negative","name":"Negative Expression","numTerms":9,"children":[]},{"path":"positive","name":"Positive Expression","numTerms":5,"children":[]}]},{"path":"phrase","name":"Phrase","numTerms":38,"children":[{"path":"negative","name":"Negative Phrase","numTerms":32,"children":[]},{"path":"positive","name":"Positive Phrase","numTerms":6,"children":[]}]},{"path":"target","name":"Target","numTerms":14,"children":[{"path":"negative","name":"Negative Target","numTerms":13,"children":[]},{"path":"positive","name":"Positive Target","numTerms":2,"children":[]}]}]},{"path":"_word","name":"Part of Speech","numTerms":329,"children":[{"path":"adj","name":"Adjective","numTerms":69,"children":[]},{"path":"adv","name":"Adverb","numTerms":43,"children":[]},{"path":"conj","name":"Conjunction","numTerms":3,"children":[]},{"path":"intj","name":"Interjection","numTerms":2,"children":[]},{"path":"noun","name":"Noun","numTerms":167,"children":[{"path":"general","name":"General Noun","numTerms":149,"children":[]},{"path":"others","name":"Others","numTerms":28,"children":[]}]},{"path":"num","name":"Numeral","numTerms":18,"children":[]},{"path":"verb","name":"Verb","numTerms":67,"children":[]}]}]},"status":"Indexed"}