{
  "paragraphs": [
    {
      "text": "%python\nprint(\"hello world\")",
      "user": "demouser",
      "dateUpdated": "Jul 7, 2018 7:45:04 PM",
      "config": {
        "colWidth": 12.0,
        "enabled": true,
        "results": {},
        "editorSetting": {
          "editOnDblClick": false,
          "language": "python"
        },
        "editorMode": "ace/mode/python"
      },
      "settings": {
        "params": {},
        "forms": {}
      },
      "results": {
        "code": "SUCCESS",
        "msg": [
          {
            "type": "TEXT",
            "data": "hello world\n"
          }
        ]
      },
      "apps": [],
      "jobName": "paragraph_1530991938940_-796831028",
      "id": "20180707-193218_1945143008",
      "dateCreated": "Jul 7, 2018 7:32:18 PM",
      "dateStarted": "Jul 7, 2018 7:45:04 PM",
      "dateFinished": "Jul 7, 2018 7:45:04 PM",
      "status": "FINISHED",
      "progressUpdateIntervalMs": 500
    },
    {
      "text": "%python\npip freeze",
      "user": "demouser",
      "dateUpdated": "Jul 7, 2018 7:46:15 PM",
      "config": {
        "colWidth": 12.0,
        "enabled": true,
        "results": {},
        "editorSetting": {
          "editOnDblClick": false,
          "language": "python"
        },
        "editorMode": "ace/mode/python"
      },
      "settings": {
        "params": {},
        "forms": {}
      },
      "results": {
        "code": "ERROR",
        "msg": [
          {
            "type": "TEXT",
            "data": "  File \"\u003cstdin\u003e\", line 1\n    pip freeze\n             ^\nSyntaxError: invalid syntax\n"
          }
        ]
      },
      "apps": [],
      "jobName": "paragraph_1530992061712_-1754150877",
      "id": "20180707-193421_918258454",
      "dateCreated": "Jul 7, 2018 7:34:21 PM",
      "dateStarted": "Jul 7, 2018 7:46:15 PM",
      "dateFinished": "Jul 7, 2018 7:46:15 PM",
      "status": "ERROR",
      "progressUpdateIntervalMs": 500
    },
    {
      "title": "",
      "text": "%spark.pyspark\r\n\r\nimport os, pandas as pd\r\n# Add asset from file system\r\ndf_data_0 \u003d pd.read_csv(os.environ[\u0027DSX_PROJECT_DIR\u0027]+\u0027/datasets/ATM_CleanData.csv\u0027)\r\ndf_data_0.head()\r\n\r\n",
      "user": "demouser",
      "dateUpdated": "Jul 7, 2018 7:38:51 PM",
      "config": {
        "colWidth": 12.0,
        "enabled": true,
        "results": {},
        "editorSetting": {
          "editOnDblClick": false,
          "language": "python"
        },
        "editorMode": "ace/mode/python"
      },
      "settings": {
        "params": {},
        "forms": {}
      },
      "results": {
        "code": "SUCCESS",
        "msg": [
          {
            "type": "TEXT",
            "data": "    ATM_ID SHORTNAM  CARDHOLD        FRAUD_TY  FRAUD ISSUER_I    MAKE   MODEL  \\\n0   ATM_S0     NWST   Card_S1  NOT FRAUDULENT      0      716  TRITON  9670.0   \n1   ATM_S2      BOI   Card_S3  NOT FRAUDULENT      0      152     NCR  5884.0   \n2   ATM_S4     LLDS   Card_S5  NOT FRAUDULENT      0      158     NCR  5085.0   \n3   ATM_S8     BARC   Card_S9  NOT FRAUDULENT      0      354  TRITON  9670.0   \n4  ATM_S10     LLDS  Card_S11  NOT FRAUDULENT      0      958  TRITON  9640.0   \n\n      FACILITI           ATM_POSI INSTITUT        POST_COD_Town  \\\n0  ND S/C 100P     Petrol Station     SECU              Belfast   \n1  ND S/C 100P  Convenience Store     SECU              Belfast   \n2  ND S/C 100P        Supermarket     SECU            Edinburgh   \n3          NaN  Convenience Store     SECU              Lincoln   \n4  ND S/C 125P  Convenience Store     SECU  Newcastle Upon Tyne   \n\n    POST_COD_Region  Day of Week  Time of Day            Time of Day Band  \n0  Northern Ireland  5. Thursday           21    4. Evening (6pm to 10pm)  \n1  Northern Ireland    6. Friday           21    4. Evening (6pm to 10pm)  \n2          Scotland    2. Monday           14   3. Afternoon (1pm to 5pm)  \n3     East Midlands  7. Saturday            8  2. Morning (4am to midday)  \n4             North  5. Thursday            7  2. Morning (4am to midday)  \n"
          }
        ]
      },
      "apps": [],
      "jobName": "paragraph_1530992317876_722633203",
      "id": "20180707-193837_1256777152",
      "dateCreated": "Jul 7, 2018 7:38:37 PM",
      "dateStarted": "Jul 7, 2018 7:38:51 PM",
      "dateFinished": "Jul 7, 2018 7:39:36 PM",
      "status": "FINISHED",
      "progressUpdateIntervalMs": 500
    },
    {
      "text": "%spark.pyspark\n",
      "user": "demouser",
      "dateUpdated": "Jul 7, 2018 7:38:51 PM",
      "config": {},
      "settings": {
        "params": {},
        "forms": {}
      },
      "apps": [],
      "jobName": "paragraph_1530992331118_1422722959",
      "id": "20180707-193851_69137994",
      "dateCreated": "Jul 7, 2018 7:38:51 PM",
      "status": "READY",
      "progressUpdateIntervalMs": 500
    }
  ],
  "name": "TestZeppelin",
  "id": "2DK658DJ1",
  "angularObjects": {
    "2CYSFF4KX:shared_process": [],
    "2CZ7M5Z1U:shared_process": [],
    "2CZN4E536:shared_process": [],
    "2CXMXB6B9:shared_process": [],
    "2CX1UN2AM:shared_process": [],
    "2CVYP86A3:shared_process": [],
    "2CZPMT4AR:shared_process": []
  },
  "config": {},
  "info": {}
}