{"id":1543434812590.21,"name":"BrakeEventClassifierCaret","latestModelVersion":1,"runtime":"R_3.4.3","author":"999","createdAt":1543434812590.21,"source":"","features":[{"name":"brake_time_sec","type":"numeric","sample":""},{"name":"brake_distance_ft","type":"numeric","sample":""},{"name":"road_type","type":"factor","sample":""},{"name":"braking_score","type":"numeric","sample":""},{"name":"brake_pressure20pct","type":"numeric","sample":""},{"name":"brake_pressure40pct","type":"numeric","sample":""},{"name":"brake_pressure60pct","type":"numeric","sample":""},{"name":"brake_pressure80pct","type":"numeric","sample":""},{"name":"brake_pressure100pct","type":"numeric","sample":""},{"name":"abs_event","type":"numeric","sample":""},{"name":"travel_speed","type":"numeric","sample":""}],"labelColumns":[{"name":"type","type":"character"}],"type":"randomForest_4.6.14","serialization":"RDS","learningType":"Supervised","algorithm":"Random Forest","algorithmType":"Classification","params":"","publishedBy":"","isPublished":false,"publishedModelVersion":-1}
