{
    "algorithm": "PipelineModel",
    "algorithmType": "Classification",
    "author": "1002",
    "createdAt": 1546932082027,
    "features": [
        {
            "name": "claim_id",
            "sample": 4,
            "type": "int"
        },
        {
            "name": "date",
            "sample": 1451779200000,
            "type": "int"
        },
        {
            "name": "claim_product_line",
            "sample": "Chocolate",
            "type": "str"
        },
        {
            "name": "claim_product",
            "sample": "milk chocolate",
            "type": "str"
        },
        {
            "name": "client_segment",
            "sample": "Silver Card Member",
            "type": "str"
        },
        {
            "name": "client_location",
            "sample": "Manhattan",
            "type": "str"
        },
        {
            "name": "client_sex",
            "sample": "Male",
            "type": "str"
        },
        {
            "name": "client_age",
            "sample": 30,
            "type": "int"
        },
        {
            "name": "body",
            "sample": "I love the ads for the new milk chocolate. Could you tell me the name of the actor in the commercial?",
            "type": "str"
        }
    ],
    "id": 1546932082027,
    "isPublished": false,
    "labelColumns": [
        {
            "name": "label",
            "type": "str"
        }
    ],
    "latestModelVersion": 14,
    "learningType": "Supervised",
    "name": "DocumentClassificationModel",
    "params": {},
    "publishedBy": "",
    "publishedModelVersion": -1,
    "runtime": "Python35",
    "serialization": "spark",
    "source": "Using+Watson+Explorer+for+Classification.ipynb",
    "type": "spark-2.2"
}