{"id":1548280443475.78,"name":"BrakeEventClassifier-Demo","latestModelVersion":1,"runtime":"R_3.4.3","author":"1007","createdAt":1548280443475.78,"source":"","features":[{"name":"brake_time_sec","type":"numeric","sample":4.45},{"name":"brake_distance_ft","type":"numeric","sample":27.09},{"name":"road_type","type":"factor","sample":"residential"},{"name":"braking_score","type":"numeric","sample":196},{"name":"brake_pressure20pct","type":"numeric","sample":1},{"name":"brake_pressure40pct","type":"numeric","sample":1},{"name":"brake_pressure60pct","type":"numeric","sample":1},{"name":"brake_pressure80pct","type":"numeric","sample":0},{"name":"brake_pressure100pct","type":"numeric","sample":0},{"name":"abs_event","type":"numeric","sample":0},{"name":"travel_speed","type":"numeric","sample":29}],"labelColumns":[{"name":"type","type":"character"}],"type":"randomForest_4.6.14","serialization":"RDS","learningType":"Supervised","algorithm":"Random Forest","algorithmType":"Classification","params":"","publishedBy":"","isPublished":false,"publishedModelVersion":-1}
